[phase41-backup-restore-real] 将创建并精确删除两个 scratch schema 与专用桶独占前缀下的一个测试对象
[INFO] Scanning for projects...
[INFO] ------------------------------------------------------------------------
[INFO] Reactor Build Order:
[INFO] 
[INFO] teacher-cert-platform                                              [pom]
[INFO] platform-common                                                    [jar]
[INFO] platform-system                                                    [jar]
[INFO] platform-security                                                  [jar]
[INFO] platform-file                                                      [jar]
[INFO] platform-business                                                  [jar]
[INFO] platform-exchange                                                  [jar]
[INFO] platform-statistics                                                [jar]
[INFO] platform-boot                                                      [jar]
[INFO] 
[INFO] -----------------< cn.edu.gpnu:teacher-cert-platform >------------------
[INFO] Building teacher-cert-platform 1.0.0-SNAPSHOT                      [1/9]
[INFO]   from pom.xml
[INFO] --------------------------------[ pom ]---------------------------------
[INFO] 
[INFO] --- failsafe:3.5.4:integration-test (default) @ teacher-cert-platform ---
[INFO] No tests to run.
[INFO] 
[INFO] --- failsafe:3.5.4:verify (default) @ teacher-cert-platform ---
[INFO] No tests to run.
[INFO] 
[INFO] --------------------< cn.edu.gpnu:platform-common >---------------------
[INFO] Building platform-common 1.0.0-SNAPSHOT                            [2/9]
[INFO]   from platform-common/pom.xml
[INFO] --------------------------------[ jar ]---------------------------------
[INFO] 
[INFO] --- resources:3.3.1:resources (default-resources) @ platform-common ---
[INFO] skip non existing resourceDirectory /work/platform-common/src/main/resources
[INFO] skip non existing resourceDirectory /work/platform-common/src/main/resources
[INFO] 
[INFO] --- compiler:3.13.0:compile (default-compile) @ platform-common ---
[INFO] Nothing to compile - all classes are up to date.
[INFO] 
[INFO] --- resources:3.3.1:testResources (default-testResources) @ platform-common ---
[INFO] skip non existing resourceDirectory /work/platform-common/src/test/resources
[INFO] 
[INFO] --- compiler:3.13.0:testCompile (default-testCompile) @ platform-common ---
[INFO] No sources to compile
[INFO] 
[INFO] --- surefire:3.5.4:test (default-test) @ platform-common ---
[INFO] No tests to run.
[INFO] 
[INFO] --- jar:3.4.2:jar (default-jar) @ platform-common ---
[INFO] 
[INFO] --- failsafe:3.5.4:integration-test (default) @ platform-common ---
[INFO] No tests to run.
[INFO] 
[INFO] --- failsafe:3.5.4:verify (default) @ platform-common ---
[INFO] No tests to run.
[INFO] 
[INFO] --------------------< cn.edu.gpnu:platform-system >---------------------
[INFO] Building platform-system 1.0.0-SNAPSHOT                            [3/9]
[INFO]   from platform-system/pom.xml
[INFO] --------------------------------[ jar ]---------------------------------
[INFO] 
[INFO] --- resources:3.3.1:resources (default-resources) @ platform-system ---
[INFO] skip non existing resourceDirectory /work/platform-system/src/main/resources
[INFO] skip non existing resourceDirectory /work/platform-system/src/main/resources
[INFO] 
[INFO] --- compiler:3.13.0:compile (default-compile) @ platform-system ---
[INFO] Nothing to compile - all classes are up to date.
[INFO] 
[INFO] --- resources:3.3.1:testResources (default-testResources) @ platform-system ---
[INFO] skip non existing resourceDirectory /work/platform-system/src/test/resources
[INFO] 
[INFO] --- compiler:3.13.0:testCompile (default-testCompile) @ platform-system ---
[INFO] No sources to compile
[INFO] 
[INFO] --- surefire:3.5.4:test (default-test) @ platform-system ---
[INFO] No tests to run.
[INFO] 
[INFO] --- jar:3.4.2:jar (default-jar) @ platform-system ---
[INFO] 
[INFO] --- failsafe:3.5.4:integration-test (default) @ platform-system ---
[INFO] No tests to run.
[INFO] 
[INFO] --- failsafe:3.5.4:verify (default) @ platform-system ---
[INFO] No tests to run.
[INFO] 
[INFO] -------------------< cn.edu.gpnu:platform-security >--------------------
[INFO] Building platform-security 1.0.0-SNAPSHOT                          [4/9]
[INFO]   from platform-security/pom.xml
[INFO] --------------------------------[ jar ]---------------------------------
[INFO] 
[INFO] --- resources:3.3.1:resources (default-resources) @ platform-security ---
[INFO] skip non existing resourceDirectory /work/platform-security/src/main/resources
[INFO] skip non existing resourceDirectory /work/platform-security/src/main/resources
[INFO] 
[INFO] --- compiler:3.13.0:compile (default-compile) @ platform-security ---
[INFO] Nothing to compile - all classes are up to date.
[INFO] 
[INFO] --- resources:3.3.1:testResources (default-testResources) @ platform-security ---
[INFO] skip non existing resourceDirectory /work/platform-security/src/test/resources
[INFO] 
[INFO] --- compiler:3.13.0:testCompile (default-testCompile) @ platform-security ---
[INFO] No sources to compile
[INFO] 
[INFO] --- surefire:3.5.4:test (default-test) @ platform-security ---
[INFO] No tests to run.
[INFO] 
[INFO] --- jar:3.4.2:jar (default-jar) @ platform-security ---
[INFO] 
[INFO] --- failsafe:3.5.4:integration-test (default) @ platform-security ---
[INFO] No tests to run.
[INFO] 
[INFO] --- failsafe:3.5.4:verify (default) @ platform-security ---
[INFO] No tests to run.
[INFO] 
[INFO] ---------------------< cn.edu.gpnu:platform-file >----------------------
[INFO] Building platform-file 1.0.0-SNAPSHOT                              [5/9]
[INFO]   from platform-file/pom.xml
[INFO] --------------------------------[ jar ]---------------------------------
[INFO] 
[INFO] --- resources:3.3.1:resources (default-resources) @ platform-file ---
[INFO] skip non existing resourceDirectory /work/platform-file/src/main/resources
[INFO] skip non existing resourceDirectory /work/platform-file/src/main/resources
[INFO] 
[INFO] --- compiler:3.13.0:compile (default-compile) @ platform-file ---
[INFO] Nothing to compile - all classes are up to date.
[INFO] 
[INFO] --- resources:3.3.1:testResources (default-testResources) @ platform-file ---
[INFO] skip non existing resourceDirectory /work/platform-file/src/test/resources
[INFO] 
[INFO] --- compiler:3.13.0:testCompile (default-testCompile) @ platform-file ---
[INFO] Nothing to compile - all classes are up to date.
[INFO] 
[INFO] --- surefire:3.5.4:test (default-test) @ platform-file ---
[INFO] Using auto detected provider org.apache.maven.surefire.junitplatform.JUnitPlatformProvider
[INFO] 
[INFO] -------------------------------------------------------
[INFO]  T E S T S
[INFO] -------------------------------------------------------
[INFO] Running cn.edu.gpnu.platform.file.config.MinioConfigTest
[INFO] Tests run: 3, Failures: 0, Errors: 0, Skipped: 0, Time elapsed: 0.921 s -- in cn.edu.gpnu.platform.file.config.MinioConfigTest
[INFO] 
[INFO] Results:
[INFO] 
[INFO] Tests run: 3, Failures: 0, Errors: 0, Skipped: 0
[INFO] 
[INFO] 
[INFO] --- jar:3.4.2:jar (default-jar) @ platform-file ---
[INFO] 
[INFO] --- failsafe:3.5.4:integration-test (default) @ platform-file ---
[INFO] 
[INFO] --- failsafe:3.5.4:verify (default) @ platform-file ---
[INFO] No tests to run.
[INFO] 
[INFO] -------------------< cn.edu.gpnu:platform-business >--------------------
[INFO] Building platform-business 1.0.0-SNAPSHOT                          [6/9]
[INFO]   from platform-business/pom.xml
[INFO] --------------------------------[ jar ]---------------------------------
[INFO] 
[INFO] --- resources:3.3.1:resources (default-resources) @ platform-business ---
[INFO] skip non existing resourceDirectory /work/platform-business/src/main/resources
[INFO] skip non existing resourceDirectory /work/platform-business/src/main/resources
[INFO] 
[INFO] --- compiler:3.13.0:compile (default-compile) @ platform-business ---
[INFO] Nothing to compile - all classes are up to date.
[INFO] 
[INFO] --- resources:3.3.1:testResources (default-testResources) @ platform-business ---
[INFO] skip non existing resourceDirectory /work/platform-business/src/test/resources
[INFO] 
[INFO] --- compiler:3.13.0:testCompile (default-testCompile) @ platform-business ---
[INFO] No sources to compile
[INFO] 
[INFO] --- surefire:3.5.4:test (default-test) @ platform-business ---
[INFO] No tests to run.
[INFO] 
[INFO] --- jar:3.4.2:jar (default-jar) @ platform-business ---
[INFO] 
[INFO] --- failsafe:3.5.4:integration-test (default) @ platform-business ---
[INFO] No tests to run.
[INFO] 
[INFO] --- failsafe:3.5.4:verify (default) @ platform-business ---
[INFO] No tests to run.
[INFO] 
[INFO] -------------------< cn.edu.gpnu:platform-exchange >--------------------
[INFO] Building platform-exchange 1.0.0-SNAPSHOT                          [7/9]
[INFO]   from platform-exchange/pom.xml
[INFO] --------------------------------[ jar ]---------------------------------
[INFO] 
[INFO] --- resources:3.3.1:resources (default-resources) @ platform-exchange ---
[INFO] skip non existing resourceDirectory /work/platform-exchange/src/main/resources
[INFO] skip non existing resourceDirectory /work/platform-exchange/src/main/resources
[INFO] 
[INFO] --- compiler:3.13.0:compile (default-compile) @ platform-exchange ---
[INFO] Nothing to compile - all classes are up to date.
[INFO] 
[INFO] --- resources:3.3.1:testResources (default-testResources) @ platform-exchange ---
[INFO] skip non existing resourceDirectory /work/platform-exchange/src/test/resources
[INFO] 
[INFO] --- compiler:3.13.0:testCompile (default-testCompile) @ platform-exchange ---
[INFO] No sources to compile
[INFO] 
[INFO] --- surefire:3.5.4:test (default-test) @ platform-exchange ---
[INFO] No tests to run.
[INFO] 
[INFO] --- jar:3.4.2:jar (default-jar) @ platform-exchange ---
[INFO] 
[INFO] --- failsafe:3.5.4:integration-test (default) @ platform-exchange ---
[INFO] No tests to run.
[INFO] 
[INFO] --- failsafe:3.5.4:verify (default) @ platform-exchange ---
[INFO] No tests to run.
[INFO] 
[INFO] ------------------< cn.edu.gpnu:platform-statistics >-------------------
[INFO] Building platform-statistics 1.0.0-SNAPSHOT                        [8/9]
[INFO]   from platform-statistics/pom.xml
[INFO] --------------------------------[ jar ]---------------------------------
[INFO] 
[INFO] --- resources:3.3.1:resources (default-resources) @ platform-statistics ---
[INFO] skip non existing resourceDirectory /work/platform-statistics/src/main/resources
[INFO] skip non existing resourceDirectory /work/platform-statistics/src/main/resources
[INFO] 
[INFO] --- compiler:3.13.0:compile (default-compile) @ platform-statistics ---
[INFO] Nothing to compile - all classes are up to date.
[INFO] 
[INFO] --- resources:3.3.1:testResources (default-testResources) @ platform-statistics ---
[INFO] skip non existing resourceDirectory /work/platform-statistics/src/test/resources
[INFO] 
[INFO] --- compiler:3.13.0:testCompile (default-testCompile) @ platform-statistics ---
[INFO] No sources to compile
[INFO] 
[INFO] --- surefire:3.5.4:test (default-test) @ platform-statistics ---
[INFO] No tests to run.
[INFO] 
[INFO] --- jar:3.4.2:jar (default-jar) @ platform-statistics ---
[INFO] 
[INFO] --- failsafe:3.5.4:integration-test (default) @ platform-statistics ---
[INFO] No tests to run.
[INFO] 
[INFO] --- failsafe:3.5.4:verify (default) @ platform-statistics ---
[INFO] No tests to run.
[INFO] 
[INFO] ---------------------< cn.edu.gpnu:platform-boot >----------------------
[INFO] Building platform-boot 1.0.0-SNAPSHOT                              [9/9]
[INFO]   from platform-boot/pom.xml
[INFO] --------------------------------[ jar ]---------------------------------
[INFO] 
[INFO] --- resources:3.3.1:resources (default-resources) @ platform-boot ---
[INFO] Copying 4 resources from src/main/resources to target/classes
[INFO] Copying 38 resources from src/main/resources to target/classes
[INFO] 
[INFO] --- compiler:3.13.0:compile (default-compile) @ platform-boot ---
[INFO] Nothing to compile - all classes are up to date.
[INFO] 
[INFO] --- resources:3.3.1:testResources (default-testResources) @ platform-boot ---
[INFO] Copying 2 resources from src/test/resources to target/test-classes
[INFO] 
[INFO] --- compiler:3.13.0:testCompile (default-testCompile) @ platform-boot ---
[INFO] Nothing to compile - all classes are up to date.
[INFO] 
[INFO] --- surefire:3.5.4:test (default-test) @ platform-boot ---
[INFO] Using auto detected provider org.apache.maven.surefire.junitplatform.JUnitPlatformProvider
[INFO] 
[INFO] -------------------------------------------------------
[INFO]  T E S T S
[INFO] -------------------------------------------------------
[INFO] Running cn.edu.gpnu.platform.boot.config.SecurityAdminServiceImplTest
OpenJDK 64-Bit Server VM warning: Sharing is only supported for boot loader classes because bootstrap classpath has been appended
Standard Commons Logging discovery in action with spring-jcl: please remove commons-logging.jar from classpath in order to avoid potential conflicts
[INFO] Tests run: 9, Failures: 0, Errors: 0, Skipped: 0, Time elapsed: 2.098 s -- in cn.edu.gpnu.platform.boot.config.SecurityAdminServiceImplTest
[INFO] Running cn.edu.gpnu.platform.boot.config.StudentServiceRbacTest
[INFO] Tests run: 11, Failures: 0, Errors: 0, Skipped: 0, Time elapsed: 0.174 s -- in cn.edu.gpnu.platform.boot.config.StudentServiceRbacTest
[INFO] Running cn.edu.gpnu.platform.boot.config.UserSecurityConcurrencyTest
[INFO] Tests run: 5, Failures: 0, Errors: 0, Skipped: 0, Time elapsed: 0.023 s -- in cn.edu.gpnu.platform.boot.config.UserSecurityConcurrencyTest
[INFO] Running cn.edu.gpnu.platform.boot.config.RuntimeProfileGuardTest
2026-07-25T13:39:32.550Z  INFO 923 --- [           main] c.e.g.p.b.c.AdminAccountInitializer      : [admin-bootstrap] ?????? V8 ?? admin ?????? token?must_change_pwd=1?
2026-07-25T13:39:32.764Z ERROR 923 --- [           main] o.s.boot.SpringApplication               : Application run failed

java.lang.IllegalStateException: ??????? profile???????? SPRING_PROFILES_ACTIVE=dev?????? SPRING_PROFILES_ACTIVE=prod
	at cn.edu.gpnu.platform.boot.config.RuntimeProfileGuard.validate(RuntimeProfileGuard.java:37) ~[classes/:na]
	at cn.edu.gpnu.platform.boot.config.RuntimeProfileGuard.postProcessEnvironment(RuntimeProfileGuard.java:29) ~[classes/:na]
	at org.springframework.boot.env.EnvironmentPostProcessorApplicationListener.onApplicationEnvironmentPreparedEvent(EnvironmentPostProcessorApplicationListener.java:134) ~[spring-boot-3.4.13.jar:3.4.13]
	at org.springframework.boot.env.EnvironmentPostProcessorApplicationListener.onApplicationEvent(EnvironmentPostProcessorApplicationListener.java:117) ~[spring-boot-3.4.13.jar:3.4.13]
	at org.springframework.context.event.SimpleApplicationEventMulticaster.doInvokeListener(SimpleApplicationEventMulticaster.java:185) ~[spring-context-6.2.15.jar:6.2.15]
	at org.springframework.context.event.SimpleApplicationEventMulticaster.invokeListener(SimpleApplicationEventMulticaster.java:178) ~[spring-context-6.2.15.jar:6.2.15]
	at org.springframework.context.event.SimpleApplicationEventMulticaster.multicastEvent(SimpleApplicationEventMulticaster.java:156) ~[spring-context-6.2.15.jar:6.2.15]
	at org.springframework.context.event.SimpleApplicationEventMulticaster.multicastEvent(SimpleApplicationEventMulticaster.java:138) ~[spring-context-6.2.15.jar:6.2.15]
	at org.springframework.boot.context.event.EventPublishingRunListener.multicastInitialEvent(EventPublishingRunListener.java:136) ~[spring-boot-3.4.13.jar:3.4.13]
	at org.springframework.boot.context.event.EventPublishingRunListener.environmentPrepared(EventPublishingRunListener.java:81) ~[spring-boot-3.4.13.jar:3.4.13]
	at org.springframework.boot.SpringApplicationRunListeners.lambda$environmentPrepared$2(SpringApplicationRunListeners.java:64) ~[spring-boot-3.4.13.jar:3.4.13]
	at java.base/java.lang.Iterable.forEach(Iterable.java:75) ~[na:na]
	at org.springframework.boot.SpringApplicationRunListeners.doWithListeners(SpringApplicationRunListeners.java:118) ~[spring-boot-3.4.13.jar:3.4.13]
	at org.springframework.boot.SpringApplicationRunListeners.doWithListeners(SpringApplicationRunListeners.java:112) ~[spring-boot-3.4.13.jar:3.4.13]
	at org.springframework.boot.SpringApplicationRunListeners.environmentPrepared(SpringApplicationRunListeners.java:63) ~[spring-boot-3.4.13.jar:3.4.13]
	at org.springframework.boot.SpringApplication.prepareEnvironment(SpringApplication.java:353) ~[spring-boot-3.4.13.jar:3.4.13]
	at org.springframework.boot.SpringApplication.run(SpringApplication.java:313) ~[spring-boot-3.4.13.jar:3.4.13]
	at cn.edu.gpnu.platform.boot.config.RuntimeProfileGuardTest.lambda$registeredGuardRejectsRealApplicationWithoutProfile$0(RuntimeProfileGuardTest.java:49) ~[test-classes/:na]
	at org.assertj.core.api.ThrowableAssert.catchThrowable(ThrowableAssert.java:63) ~[assertj-core-3.26.3.jar:na]
	at org.assertj.core.api.AssertionsForClassTypes.catchThrowable(AssertionsForClassTypes.java:904) ~[assertj-core-3.26.3.jar:na]
	at org.assertj.core.api.Assertions.catchThrowable(Assertions.java:1470) ~[assertj-core-3.26.3.jar:na]
	at org.assertj.core.api.Assertions.assertThatThrownBy(Assertions.java:1313) ~[assertj-core-3.26.3.jar:na]
	at cn.edu.gpnu.platform.boot.config.RuntimeProfileGuardTest.registeredGuardRejectsRealApplicationWithoutProfile(RuntimeProfileGuardTest.java:49) ~[test-classes/:na]
	at java.base/jdk.internal.reflect.NativeMethodAccessorImpl.invoke0(Native Method) ~[na:na]
	at java.base/jdk.internal.reflect.NativeMethodAccessorImpl.invoke(NativeMethodAccessorImpl.java:77) ~[na:na]
	at java.base/jdk.internal.reflect.DelegatingMethodAccessorImpl.invoke(DelegatingMethodAccessorImpl.java:43) ~[na:na]
	at java.base/java.lang.reflect.Method.invoke(Method.java:569) ~[na:na]
	at org.junit.platform.commons.util.ReflectionUtils.invokeMethod(ReflectionUtils.java:767) ~[junit-platform-commons-1.11.4.jar:1.11.4]
	at org.junit.jupiter.engine.execution.MethodInvocation.proceed(MethodInvocation.java:60) ~[junit-jupiter-engine-5.11.4.jar:5.11.4]
	at org.junit.jupiter.engine.execution.InvocationInterceptorChain$ValidatingInvocation.proceed(InvocationInterceptorChain.java:131) ~[junit-jupiter-engine-5.11.4.jar:5.11.4]
	at org.junit.jupiter.engine.extension.TimeoutExtension.intercept(TimeoutExtension.java:156) ~[junit-jupiter-engine-5.11.4.jar:5.11.4]
	at org.junit.jupiter.engine.extension.TimeoutExtension.interceptTestableMethod(TimeoutExtension.java:147) ~[junit-jupiter-engine-5.11.4.jar:5.11.4]
	at org.junit.jupiter.engine.extension.TimeoutExtension.interceptTestMethod(TimeoutExtension.java:86) ~[junit-jupiter-engine-5.11.4.jar:5.11.4]
	at org.junit.jupiter.engine.execution.InterceptingExecutableInvoker$ReflectiveInterceptorCall.lambda$ofVoidMethod$0(InterceptingExecutableInvoker.java:103) ~[junit-jupiter-engine-5.11.4.jar:5.11.4]
	at org.junit.jupiter.engine.execution.InterceptingExecutableInvoker.lambda$invoke$0(InterceptingExecutableInvoker.java:93) ~[junit-jupiter-engine-5.11.4.jar:5.11.4]
	at org.junit.jupiter.engine.execution.InvocationInterceptorChain$InterceptedInvocation.proceed(InvocationInterceptorChain.java:106) ~[junit-jupiter-engine-5.11.4.jar:5.11.4]
	at org.junit.jupiter.engine.execution.InvocationInterceptorChain.proceed(InvocationInterceptorChain.java:64) ~[junit-jupiter-engine-5.11.4.jar:5.11.4]
	at org.junit.jupiter.engine.execution.InvocationInterceptorChain.chainAndInvoke(InvocationInterceptorChain.java:45) ~[junit-jupiter-engine-5.11.4.jar:5.11.4]
	at org.junit.jupiter.engine.execution.InvocationInterceptorChain.invoke(InvocationInterceptorChain.java:37) ~[junit-jupiter-engine-5.11.4.jar:5.11.4]
	at org.junit.jupiter.engine.execution.InterceptingExecutableInvoker.invoke(InterceptingExecutableInvoker.java:92) ~[junit-jupiter-engine-5.11.4.jar:5.11.4]
	at org.junit.jupiter.engine.execution.InterceptingExecutableInvoker.invoke(InterceptingExecutableInvoker.java:86) ~[junit-jupiter-engine-5.11.4.jar:5.11.4]
	at org.junit.jupiter.engine.descriptor.TestMethodTestDescriptor.lambda$invokeTestMethod$8(TestMethodTestDescriptor.java:217) ~[junit-jupiter-engine-5.11.4.jar:5.11.4]
	at org.junit.platform.engine.support.hierarchical.ThrowableCollector.execute(ThrowableCollector.java:73) ~[junit-platform-engine-1.11.4.jar:1.11.4]
	at org.junit.jupiter.engine.descriptor.TestMethodTestDescriptor.invokeTestMethod(TestMethodTestDescriptor.java:213) ~[junit-jupiter-engine-5.11.4.jar:5.11.4]
	at org.junit.jupiter.engine.descriptor.TestMethodTestDescriptor.execute(TestMethodTestDescriptor.java:138) ~[junit-jupiter-engine-5.11.4.jar:5.11.4]
	at org.junit.jupiter.engine.descriptor.TestMethodTestDescriptor.execute(TestMethodTestDescriptor.java:68) ~[junit-jupiter-engine-5.11.4.jar:5.11.4]
	at org.junit.platform.engine.support.hierarchical.NodeTestTask.lambda$executeRecursively$6(NodeTestTask.java:156) ~[junit-platform-engine-1.11.4.jar:1.11.4]
	at org.junit.platform.engine.support.hierarchical.ThrowableCollector.execute(ThrowableCollector.java:73) ~[junit-platform-engine-1.11.4.jar:1.11.4]
	at org.junit.platform.engine.support.hierarchical.NodeTestTask.lambda$executeRecursively$8(NodeTestTask.java:146) ~[junit-platform-engine-1.11.4.jar:1.11.4]
	at org.junit.platform.engine.support.hierarchical.Node.around(Node.java:137) ~[junit-platform-engine-1.11.4.jar:1.11.4]
	at org.junit.platform.engine.support.hierarchical.NodeTestTask.lambda$executeRecursively$9(NodeTestTask.java:144) ~[junit-platform-engine-1.11.4.jar:1.11.4]
	at org.junit.platform.engine.support.hierarchical.ThrowableCollector.execute(ThrowableCollector.java:73) ~[junit-platform-engine-1.11.4.jar:1.11.4]
	at org.junit.platform.engine.support.hierarchical.NodeTestTask.executeRecursively(NodeTestTask.java:143) ~[junit-platform-engine-1.11.4.jar:1.11.4]
	at org.junit.platform.engine.support.hierarchical.NodeTestTask.execute(NodeTestTask.java:100) ~[junit-platform-engine-1.11.4.jar:1.11.4]
	at java.base/java.util.ArrayList.forEach(ArrayList.java:1511) ~[na:na]
	at org.junit.platform.engine.support.hierarchical.SameThreadHierarchicalTestExecutorService.invokeAll(SameThreadHierarchicalTestExecutorService.java:41) ~[junit-platform-engine-1.11.4.jar:1.11.4]
	at org.junit.platform.engine.support.hierarchical.NodeTestTask.lambda$executeRecursively$6(NodeTestTask.java:160) ~[junit-platform-engine-1.11.4.jar:1.11.4]
	at org.junit.platform.engine.support.hierarchical.ThrowableCollector.execute(ThrowableCollector.java:73) ~[junit-platform-engine-1.11.4.jar:1.11.4]
	at org.junit.platform.engine.support.hierarchical.NodeTestTask.lambda$executeRecursively$8(NodeTestTask.java:146) ~[junit-platform-engine-1.11.4.jar:1.11.4]
	at org.junit.platform.engine.support.hierarchical.Node.around(Node.java:137) ~[junit-platform-engine-1.11.4.jar:1.11.4]
	at org.junit.platform.engine.support.hierarchical.NodeTestTask.lambda$executeRecursively$9(NodeTestTask.java:144) ~[junit-platform-engine-1.11.4.jar:1.11.4]
	at org.junit.platform.engine.support.hierarchical.ThrowableCollector.execute(ThrowableCollector.java:73) ~[junit-platform-engine-1.11.4.jar:1.11.4]
	at org.junit.platform.engine.support.hierarchical.NodeTestTask.executeRecursively(NodeTestTask.java:143) ~[junit-platform-engine-1.11.4.jar:1.11.4]
	at org.junit.platform.engine.support.hierarchical.NodeTestTask.execute(NodeTestTask.java:100) ~[junit-platform-engine-1.11.4.jar:1.11.4]
	at java.base/java.util.ArrayList.forEach(ArrayList.java:1511) ~[na:na]
	at org.junit.platform.engine.support.hierarchical.SameThreadHierarchicalTestExecutorService.invokeAll(SameThreadHierarchicalTestExecutorService.java:41) ~[junit-platform-engine-1.11.4.jar:1.11.4]
	at org.junit.platform.engine.support.hierarchical.NodeTestTask.lambda$executeRecursively$6(NodeTestTask.java:160) ~[junit-platform-engine-1.11.4.jar:1.11.4]
	at org.junit.platform.engine.support.hierarchical.ThrowableCollector.execute(ThrowableCollector.java:73) ~[junit-platform-engine-1.11.4.jar:1.11.4]
	at org.junit.platform.engine.support.hierarchical.NodeTestTask.lambda$executeRecursively$8(NodeTestTask.java:146) ~[junit-platform-engine-1.11.4.jar:1.11.4]
	at org.junit.platform.engine.support.hierarchical.Node.around(Node.java:137) ~[junit-platform-engine-1.11.4.jar:1.11.4]
	at org.junit.platform.engine.support.hierarchical.NodeTestTask.lambda$executeRecursively$9(NodeTestTask.java:144) ~[junit-platform-engine-1.11.4.jar:1.11.4]
	at org.junit.platform.engine.support.hierarchical.ThrowableCollector.execute(ThrowableCollector.java:73) ~[junit-platform-engine-1.11.4.jar:1.11.4]
	at org.junit.platform.engine.support.hierarchical.NodeTestTask.executeRecursively(NodeTestTask.java:143) ~[junit-platform-engine-1.11.4.jar:1.11.4]
	at org.junit.platform.engine.support.hierarchical.NodeTestTask.execute(NodeTestTask.java:100) ~[junit-platform-engine-1.11.4.jar:1.11.4]
	at org.junit.platform.engine.support.hierarchical.SameThreadHierarchicalTestExecutorService.submit(SameThreadHierarchicalTestExecutorService.java:35) ~[junit-platform-engine-1.11.4.jar:1.11.4]
	at org.junit.platform.engine.support.hierarchical.HierarchicalTestExecutor.execute(HierarchicalTestExecutor.java:57) ~[junit-platform-engine-1.11.4.jar:1.11.4]
	at org.junit.platform.engine.support.hierarchical.HierarchicalTestEngine.execute(HierarchicalTestEngine.java:54) ~[junit-platform-engine-1.11.4.jar:1.11.4]
	at org.junit.platform.launcher.core.EngineExecutionOrchestrator.execute(EngineExecutionOrchestrator.java:198) ~[junit-platform-launcher-1.11.4.jar:1.11.4]
	at org.junit.platform.launcher.core.EngineExecutionOrchestrator.execute(EngineExecutionOrchestrator.java:169) ~[junit-platform-launcher-1.11.4.jar:1.11.4]
	at org.junit.platform.launcher.core.EngineExecutionOrchestrator.execute(EngineExecutionOrchestrator.java:93) ~[junit-platform-launcher-1.11.4.jar:1.11.4]
	at org.junit.platform.launcher.core.EngineExecutionOrchestrator.lambda$execute$0(EngineExecutionOrchestrator.java:58) ~[junit-platform-launcher-1.11.4.jar:1.11.4]
	at org.junit.platform.launcher.core.EngineExecutionOrchestrator.withInterceptedStreams(EngineExecutionOrchestrator.java:141) ~[junit-platform-launcher-1.11.4.jar:1.11.4]
	at org.junit.platform.launcher.core.EngineExecutionOrchestrator.execute(EngineExecutionOrchestrator.java:57) ~[junit-platform-launcher-1.11.4.jar:1.11.4]
	at org.junit.platform.launcher.core.DefaultLauncher.execute(DefaultLauncher.java:103) ~[junit-platform-launcher-1.11.4.jar:1.11.4]
	at org.junit.platform.launcher.core.DefaultLauncher.execute(DefaultLauncher.java:85) ~[junit-platform-launcher-1.11.4.jar:1.11.4]
	at org.junit.platform.launcher.core.DelegatingLauncher.execute(DelegatingLauncher.java:47) ~[junit-platform-launcher-1.11.4.jar:1.11.4]
	at org.apache.maven.surefire.junitplatform.LauncherAdapter.executeWithoutCancellationToken(LauncherAdapter.java:60) ~[surefire-junit-platform-3.5.4.jar:3.5.4]
	at org.apache.maven.surefire.junitplatform.LauncherAdapter.execute(LauncherAdapter.java:52) ~[surefire-junit-platform-3.5.4.jar:3.5.4]
	at org.apache.maven.surefire.junitplatform.JUnitPlatformProvider.execute(JUnitPlatformProvider.java:203) ~[surefire-junit-platform-3.5.4.jar:3.5.4]
	at org.apache.maven.surefire.junitplatform.JUnitPlatformProvider.invokeAllTests(JUnitPlatformProvider.java:168) ~[surefire-junit-platform-3.5.4.jar:3.5.4]
	at org.apache.maven.surefire.junitplatform.JUnitPlatformProvider.invoke(JUnitPlatformProvider.java:136) ~[surefire-junit-platform-3.5.4.jar:3.5.4]
	at org.apache.maven.surefire.booter.ForkedBooter.runSuitesInProcess(ForkedBooter.java:385) ~[surefire-booter-3.5.4.jar:3.5.4]
	at org.apache.maven.surefire.booter.ForkedBooter.execute(ForkedBooter.java:162) ~[surefire-booter-3.5.4.jar:3.5.4]
	at org.apache.maven.surefire.booter.ForkedBooter.run(ForkedBooter.java:507) ~[surefire-booter-3.5.4.jar:3.5.4]
	at org.apache.maven.surefire.booter.ForkedBooter.main(ForkedBooter.java:495) ~[surefire-booter-3.5.4.jar:3.5.4]

[INFO] Tests run: 6, Failures: 0, Errors: 0, Skipped: 0, Time elapsed: 1.199 s -- in cn.edu.gpnu.platform.boot.config.RuntimeProfileGuardTest
[INFO] Running cn.edu.gpnu.platform.boot.config.CredentialHardeningTest
2026-07-25T13:39:32.858Z  WARN 923 --- [           main] s.c.a.AnnotationConfigApplicationContext : Exception encountered during context initialization - cancelling refresh attempt: cn.edu.gpnu.platform.common.exception.BizException: ??????? ADMIN_INITIAL_PASSWORD_HASH??????????? admin ?????? bcrypt ???????
2026-07-25T13:39:32.916Z  WARN 923 --- [           main] s.c.a.AnnotationConfigApplicationContext : Exception encountered during context initialization - cancelling refresh attempt: cn.edu.gpnu.platform.common.exception.BizException: ADMIN_INITIAL_PASSWORD_HASH ????? BCrypt ???$2a/$2b/$2y?
2026-07-25T13:39:33.057Z  WARN 923 --- [           main] s.c.a.AnnotationConfigApplicationContext : Exception encountered during context initialization - cancelling refresh attempt: cn.edu.gpnu.platform.common.exception.BizException: ADMIN_INITIAL_PASSWORD_HASH ??????????? ChangeMe123!
2026-07-25T13:39:33.292Z  INFO 923 --- [           main] c.e.g.p.b.c.AdminAccountInitializer      : [admin-bootstrap] admin ?????? bootstrap ????????? token
2026-07-25T13:39:33.560Z  INFO 923 --- [           main] c.e.g.p.b.c.AdminAccountInitializer      : [admin-bootstrap] ?????? V8 ?? admin ?????? token?must_change_pwd=1?
2026-07-25T13:39:33.806Z  INFO 923 --- [           main] c.e.g.p.b.c.AdminAccountInitializer      : [admin-bootstrap] admin ??? V8 ??????????????????
2026-07-25T13:39:33.813Z  WARN 923 --- [           main] s.c.a.AnnotationConfigApplicationContext : Exception encountered during context initialization - cancelling refresh attempt: org.springframework.beans.factory.BeanCreationException: Error creating bean with name 'securityAdminService': Invocation of init method failed
2026-07-25T13:39:33.820Z  WARN 923 --- [           main] s.c.a.AnnotationConfigApplicationContext : Exception encountered during context initialization - cancelling refresh attempt: org.springframework.beans.factory.BeanCreationException: Error creating bean with name 'securityAdminService': Invocation of init method failed
2026-07-25T13:39:33.825Z  WARN 923 --- [           main] s.c.a.AnnotationConfigApplicationContext : Exception encountered during context initialization - cancelling refresh attempt: org.springframework.beans.factory.BeanCreationException: Error creating bean with name 'securityAdminService': Invocation of init method failed
2026-07-25T13:39:33.829Z  WARN 923 --- [           main] s.c.a.AnnotationConfigApplicationContext : Exception encountered during context initialization - cancelling refresh attempt: org.springframework.beans.factory.BeanCreationException: Error creating bean with name 'securityAdminService': Invocation of init method failed
[INFO] Tests run: 8, Failures: 0, Errors: 0, Skipped: 0, Time elapsed: 1.055 s -- in cn.edu.gpnu.platform.boot.config.CredentialHardeningTest
[INFO] Running cn.edu.gpnu.platform.boot.config.VideoFinalizationReconciliationScheduleConfigTest
2026-07-25T13:39:33.884Z  INFO 923 --- [           main] FinalizationReconciliationScheduleConfig : ????????????????????
2026-07-25T13:39:33.887Z  INFO 923 --- [pool-3-thread-1] FinalizationReconciliationScheduleConfig : ???????????? backfilled=0 scanned=0 cleaned=0 failed=0
2026-07-25T13:39:33.890Z  INFO 923 --- [           main] FinalizationReconciliationScheduleConfig : ???????????? backfilled=2 scanned=3 cleaned=2 failed=1
[INFO] Tests run: 2, Failures: 0, Errors: 0, Skipped: 0, Time elapsed: 0.069 s -- in cn.edu.gpnu.platform.boot.config.VideoFinalizationReconciliationScheduleConfigTest
[INFO] Running cn.edu.gpnu.platform.boot.config.RbacAuthorizationGuardTest
[INFO] Tests run: 60, Failures: 0, Errors: 0, Skipped: 0, Time elapsed: 0.134 s -- in cn.edu.gpnu.platform.boot.config.RbacAuthorizationGuardTest
[INFO] Running cn.edu.gpnu.platform.boot.config.VideoFinalizationSchedulingIsolationTest
2026-07-25T13:39:37.006Z  INFO 923 --- [rm-scheduling-1] c.e.g.p.s.config.BackupScheduleConfig    : ?????? id=null size=null tables=null rows=null
[INFO] Tests run: 1, Failures: 0, Errors: 0, Skipped: 0, Time elapsed: 2.972 s -- in cn.edu.gpnu.platform.boot.config.VideoFinalizationSchedulingIsolationTest
[INFO] Running cn.edu.gpnu.platform.boot.controller.SystemSecurityControllerAuthorizationTest
[INFO] Tests run: 1, Failures: 0, Errors: 0, Skipped: 0, Time elapsed: 0.019 s -- in cn.edu.gpnu.platform.boot.controller.SystemSecurityControllerAuthorizationTest
[INFO] Running cn.edu.gpnu.platform.security.service.TokenRevocationServiceTest
[INFO] Tests run: 7, Failures: 0, Errors: 0, Skipped: 0, Time elapsed: 0.532 s -- in cn.edu.gpnu.platform.security.service.TokenRevocationServiceTest
[INFO] Running cn.edu.gpnu.platform.security.service.AuthServiceConcurrencyTest
[INFO] Tests run: 4, Failures: 0, Errors: 0, Skipped: 0, Time elapsed: 0.062 s -- in cn.edu.gpnu.platform.security.service.AuthServiceConcurrencyTest
[INFO] Running cn.edu.gpnu.platform.system.service.DataScopeServiceImplTest
[INFO] Tests run: 10, Failures: 0, Errors: 0, Skipped: 0, Time elapsed: 0.016 s -- in cn.edu.gpnu.platform.system.service.DataScopeServiceImplTest
[INFO] Running cn.edu.gpnu.platform.business.video.support.VideoProbeTempArtifactManagerTest
2026-07-25T13:39:37.657Z  INFO 923 --- [           main] .g.p.b.v.s.VideoProbeTempArtifactManager : ?????????????: deleted=2
2026-07-25T13:39:37.668Z  INFO 923 --- [           main] .g.p.b.v.s.VideoProbeTempArtifactManager : ?????????????: deleted=2
2026-07-25T13:39:37.669Z  INFO 923 --- [           main] .g.p.b.v.s.VideoProbeTempArtifactManager : ?????????????: deleted=2
2026-07-25T13:39:37.675Z  INFO 923 --- [           main] .g.p.b.v.s.VideoProbeTempArtifactManager : ?????????????: deleted=1
2026-07-25T13:39:37.679Z  INFO 923 --- [           main] .g.p.b.v.s.VideoProbeTempArtifactManager : ?????????????: deleted=1
[INFO] Tests run: 5, Failures: 0, Errors: 0, Skipped: 0, Time elapsed: 0.036 s -- in cn.edu.gpnu.platform.business.video.support.VideoProbeTempArtifactManagerTest
[INFO] Running cn.edu.gpnu.platform.business.video.support.VideoProbeWorkerBoundaryTest
2026-07-25T13:39:39.614Z ERROR 923 --- [           main] .e.g.p.b.v.s.VideoProbeProcessSupervisor : ??????????????????????????: pid=9223372036854775807
[INFO] Tests run: 9, Failures: 0, Errors: 0, Skipped: 0, Time elapsed: 1.935 s -- in cn.edu.gpnu.platform.business.video.support.VideoProbeWorkerBoundaryTest
[INFO] Running cn.edu.gpnu.platform.business.video.support.ProcessVideoMediaWorkerTest
[INFO] Tests run: 3, Failures: 0, Errors: 0, Skipped: 0, Time elapsed: 0.032 s -- in cn.edu.gpnu.platform.business.video.support.ProcessVideoMediaWorkerTest
[INFO] Running cn.edu.gpnu.platform.business.video.support.VideoProbeCapacityGuardTest
2026-07-25T13:39:39.762Z ERROR 923 --- [           main] .e.g.p.b.v.s.VideoProbeProcessSupervisor : ??????????????????????????: pid=424242
2026-07-25T13:39:39.768Z ERROR 923 --- [           main] .e.g.p.b.v.s.VideoProbeProcessSupervisor : ??????????????????????????: pid=424242
[INFO] Tests run: 5, Failures: 0, Errors: 0, Skipped: 0, Time elapsed: 0.121 s -- in cn.edu.gpnu.platform.business.video.support.VideoProbeCapacityGuardTest
[INFO] 
[INFO] Results:
[INFO] 
[INFO] Tests run: 146, Failures: 0, Errors: 0, Skipped: 0
[INFO] 
[INFO] 
[INFO] --- jar:3.4.2:jar (default-jar) @ platform-boot ---
[INFO] 
[INFO] --- spring-boot:3.4.13:repackage (repackage) @ platform-boot ---
[INFO] Replacing main artifact /work/platform-boot/target/teacher-cert-platform.jar with repackaged archive, adding nested dependencies in BOOT-INF/.
[INFO] The original artifact has been renamed to /work/platform-boot/target/teacher-cert-platform.jar.original
[INFO] 
[INFO] --- failsafe:3.5.4:integration-test (default) @ platform-boot ---
[INFO] Using auto detected provider org.apache.maven.surefire.junitplatform.JUnitPlatformProvider
[INFO] 
[INFO] -------------------------------------------------------
[INFO]  T E S T S
[INFO] -------------------------------------------------------
[INFO] Running cn.edu.gpnu.platform.boot.Phase41BackupIT
Standard Commons Logging discovery in action with spring-jcl: please remove commons-logging.jar from classpath in order to avoid potential conflicts

  .   ____          _            __ _ _
 /\\ / ___'_ __ _ _(_)_ __  __ _ \ \ \ \
( ( )\___ | '_ | '_| | '_ \/ _` | \ \ \ \
 \\/  ___)| |_)| | | | | || (_| |  ) ) ) )
  '  |____| .__|_| |_|_| |_\__, | / / / /
 =========|_|==============|___/=/_/_/_/

 :: Spring Boot ::               (v3.4.13)

2026-07-25T13:39:46.327Z  INFO 1152 --- [teacher-cert-platform] [           main] c.e.gpnu.platform.boot.Phase41BackupIT   : Starting Phase41BackupIT using Java 17.0.19 with PID 1152 (started by root in /work/platform-boot)
2026-07-25T13:39:46.330Z  INFO 1152 --- [teacher-cert-platform] [           main] c.e.gpnu.platform.boot.Phase41BackupIT   : The following 1 profile is active: "dev"
2026-07-25T13:39:47.708Z  INFO 1152 --- [teacher-cert-platform] [           main] .s.d.r.c.RepositoryConfigurationDelegate : Multiple Spring Data modules found, entering strict repository configuration mode
2026-07-25T13:39:47.713Z  INFO 1152 --- [teacher-cert-platform] [           main] .s.d.r.c.RepositoryConfigurationDelegate : Bootstrapping Spring Data Redis repositories in DEFAULT mode.
2026-07-25T13:39:47.772Z  INFO 1152 --- [teacher-cert-platform] [           main] .s.d.r.c.RepositoryConfigurationDelegate : Finished Spring Data repository scanning in 36 ms. Found 0 Redis repository interfaces.
2026-07-25T13:39:48.991Z  INFO 1152 --- [teacher-cert-platform] [           main] o.s.b.w.embedded.tomcat.TomcatWebServer  : Tomcat initialized with port 0 (http)
2026-07-25T13:39:49.004Z  INFO 1152 --- [teacher-cert-platform] [           main] o.apache.catalina.core.StandardService   : Starting service [Tomcat]
2026-07-25T13:39:49.004Z  INFO 1152 --- [teacher-cert-platform] [           main] o.apache.catalina.core.StandardEngine    : Starting Servlet engine: [Apache Tomcat/10.1.50]
2026-07-25T13:39:49.216Z  INFO 1152 --- [teacher-cert-platform] [           main] o.a.c.c.C.[Tomcat].[localhost].[/]       : Initializing Spring embedded WebApplicationContext
2026-07-25T13:39:49.217Z  INFO 1152 --- [teacher-cert-platform] [           main] w.s.c.ServletWebServerApplicationContext : Root WebApplicationContext: initialization completed in 2854 ms
Standard Commons Logging discovery in action with spring-jcl: please remove commons-logging.jar from classpath in order to avoid potential conflicts
2026-07-25T13:39:49.688Z  INFO 1152 --- [teacher-cert-platform] [           main] com.zaxxer.hikari.HikariDataSource       : HikariPool-1 - Starting...
2026-07-25T13:39:49.704Z  INFO 1152 --- [teacher-cert-platform] [           main] com.zaxxer.hikari.pool.HikariPool        : HikariPool-1 - Added connection com.mysql.cj.jdbc.ConnectionImpl@4be1c797
2026-07-25T13:39:49.706Z  INFO 1152 --- [teacher-cert-platform] [           main] com.zaxxer.hikari.HikariDataSource       : HikariPool-1 - Start completed.
2026-07-25T13:39:49.760Z  INFO 1152 --- [teacher-cert-platform] [           main] org.flywaydb.core.FlywayExecutor         : Database: jdbc:mysql://127.0.0.1:3306/teacher_cert_p41_source_4889649d15f340aab3204587af9c67cf?useUnicode=true&characterEncoding=utf8&serverTimezone=Asia/Shanghai&useSSL=false (MySQL 8.4)
2026-07-25T13:39:49.786Z  WARN 1152 --- [teacher-cert-platform] [           main] o.f.c.internal.database.base.Database    : Flyway upgrade recommended: MySQL 8.4 is newer than this version of Flyway and support has not been tested. The latest supported version of MySQL is 8.1.
2026-07-25T13:39:49.827Z  INFO 1152 --- [teacher-cert-platform] [           main] o.f.c.i.s.JdbcTableSchemaHistory         : Schema history table `teacher_cert_p41_source_4889649d15f340aab3204587af9c67cf`.`flyway_schema_history` does not exist yet
2026-07-25T13:39:49.831Z  INFO 1152 --- [teacher-cert-platform] [           main] o.f.core.internal.command.DbValidate     : Successfully validated 32 migrations (execution time 00:00.030s)
2026-07-25T13:39:49.847Z  INFO 1152 --- [teacher-cert-platform] [           main] o.f.c.i.s.JdbcTableSchemaHistory         : Creating Schema History table `teacher_cert_p41_source_4889649d15f340aab3204587af9c67cf`.`flyway_schema_history` ...
2026-07-25T13:39:49.951Z  INFO 1152 --- [teacher-cert-platform] [           main] o.f.core.internal.command.DbMigrate      : Current version of schema `teacher_cert_p41_source_4889649d15f340aab3204587af9c67cf`: << Empty Schema >>
2026-07-25T13:39:49.968Z  INFO 1152 --- [teacher-cert-platform] [           main] o.f.core.internal.command.DbMigrate      : Migrating schema `teacher_cert_p41_source_4889649d15f340aab3204587af9c67cf` to version "1 - base"
2026-07-25T13:39:50.170Z  INFO 1152 --- [teacher-cert-platform] [           main] o.f.core.internal.command.DbMigrate      : Migrating schema `teacher_cert_p41_source_4889649d15f340aab3204587af9c67cf` to version "2 - dict"
2026-07-25T13:39:50.734Z  INFO 1152 --- [teacher-cert-platform] [           main] o.f.core.internal.command.DbMigrate      : Migrating schema `teacher_cert_p41_source_4889649d15f340aab3204587af9c67cf` to version "3 - dict seed"
2026-07-25T13:39:50.767Z  WARN 1152 --- [teacher-cert-platform] [           main] o.f.c.i.s.DefaultSqlScriptExecutor       : DB: 'VALUES function' is deprecated and will be removed in a future release. Please use an alias (INSERT INTO ... VALUES (...) AS alias) and replace VALUES(col) in the ON DUPLICATE KEY UPDATE clause with alias.col instead (SQL State: HY000 - Error Code: 1287)
2026-07-25T13:39:50.768Z  WARN 1152 --- [teacher-cert-platform] [           main] o.f.c.i.s.DefaultSqlScriptExecutor       : DB: 'VALUES function' is deprecated and will be removed in a future release. Please use an alias (INSERT INTO ... VALUES (...) AS alias) and replace VALUES(col) in the ON DUPLICATE KEY UPDATE clause with alias.col instead (SQL State: HY000 - Error Code: 1287)
2026-07-25T13:39:50.768Z  WARN 1152 --- [teacher-cert-platform] [           main] o.f.c.i.s.DefaultSqlScriptExecutor       : DB: 'VALUES function' is deprecated and will be removed in a future release. Please use an alias (INSERT INTO ... VALUES (...) AS alias) and replace VALUES(col) in the ON DUPLICATE KEY UPDATE clause with alias.col instead (SQL State: HY000 - Error Code: 1287)
2026-07-25T13:39:50.768Z  WARN 1152 --- [teacher-cert-platform] [           main] o.f.c.i.s.DefaultSqlScriptExecutor       : DB: 'VALUES function' is deprecated and will be removed in a future release. Please use an alias (INSERT INTO ... VALUES (...) AS alias) and replace VALUES(col) in the ON DUPLICATE KEY UPDATE clause with alias.col instead (SQL State: HY000 - Error Code: 1287)
2026-07-25T13:39:50.772Z  WARN 1152 --- [teacher-cert-platform] [           main] o.f.c.i.s.DefaultSqlScriptExecutor       : DB: 'VALUES function' is deprecated and will be removed in a future release. Please use an alias (INSERT INTO ... VALUES (...) AS alias) and replace VALUES(col) in the ON DUPLICATE KEY UPDATE clause with alias.col instead (SQL State: HY000 - Error Code: 1287)
2026-07-25T13:39:50.773Z  WARN 1152 --- [teacher-cert-platform] [           main] o.f.c.i.s.DefaultSqlScriptExecutor       : DB: 'VALUES function' is deprecated and will be removed in a future release. Please use an alias (INSERT INTO ... VALUES (...) AS alias) and replace VALUES(col) in the ON DUPLICATE KEY UPDATE clause with alias.col instead (SQL State: HY000 - Error Code: 1287)
2026-07-25T13:39:50.773Z  WARN 1152 --- [teacher-cert-platform] [           main] o.f.c.i.s.DefaultSqlScriptExecutor       : DB: 'VALUES function' is deprecated and will be removed in a future release. Please use an alias (INSERT INTO ... VALUES (...) AS alias) and replace VALUES(col) in the ON DUPLICATE KEY UPDATE clause with alias.col instead (SQL State: HY000 - Error Code: 1287)
2026-07-25T13:39:50.773Z  WARN 1152 --- [teacher-cert-platform] [           main] o.f.c.i.s.DefaultSqlScriptExecutor       : DB: 'VALUES function' is deprecated and will be removed in a future release. Please use an alias (INSERT INTO ... VALUES (...) AS alias) and replace VALUES(col) in the ON DUPLICATE KEY UPDATE clause with alias.col instead (SQL State: HY000 - Error Code: 1287)
2026-07-25T13:39:50.773Z  WARN 1152 --- [teacher-cert-platform] [           main] o.f.c.i.s.DefaultSqlScriptExecutor       : DB: 'VALUES function' is deprecated and will be removed in a future release. Please use an alias (INSERT INTO ... VALUES (...) AS alias) and replace VALUES(col) in the ON DUPLICATE KEY UPDATE clause with alias.col instead (SQL State: HY000 - Error Code: 1287)
2026-07-25T13:39:50.802Z  INFO 1152 --- [teacher-cert-platform] [           main] o.f.core.internal.command.DbMigrate      : Migrating schema `teacher_cert_p41_source_4889649d15f340aab3204587af9c67cf` to version "4 - region seed"
2026-07-25T13:39:50.806Z  WARN 1152 --- [teacher-cert-platform] [           main] o.f.c.i.s.DefaultSqlScriptExecutor       : DB: 'VALUES function' is deprecated and will be removed in a future release. Please use an alias (INSERT INTO ... VALUES (...) AS alias) and replace VALUES(col) in the ON DUPLICATE KEY UPDATE clause with alias.col instead (SQL State: HY000 - Error Code: 1287)
2026-07-25T13:39:50.807Z  WARN 1152 --- [teacher-cert-platform] [           main] o.f.c.i.s.DefaultSqlScriptExecutor       : DB: 'VALUES function' is deprecated and will be removed in a future release. Please use an alias (INSERT INTO ... VALUES (...) AS alias) and replace VALUES(col) in the ON DUPLICATE KEY UPDATE clause with alias.col instead (SQL State: HY000 - Error Code: 1287)
2026-07-25T13:39:50.807Z  WARN 1152 --- [teacher-cert-platform] [           main] o.f.c.i.s.DefaultSqlScriptExecutor       : DB: 'VALUES function' is deprecated and will be removed in a future release. Please use an alias (INSERT INTO ... VALUES (...) AS alias) and replace VALUES(col) in the ON DUPLICATE KEY UPDATE clause with alias.col instead (SQL State: HY000 - Error Code: 1287)
2026-07-25T13:39:50.807Z  WARN 1152 --- [teacher-cert-platform] [           main] o.f.c.i.s.DefaultSqlScriptExecutor       : DB: 'VALUES function' is deprecated and will be removed in a future release. Please use an alias (INSERT INTO ... VALUES (...) AS alias) and replace VALUES(col) in the ON DUPLICATE KEY UPDATE clause with alias.col instead (SQL State: HY000 - Error Code: 1287)
2026-07-25T13:39:50.807Z  WARN 1152 --- [teacher-cert-platform] [           main] o.f.c.i.s.DefaultSqlScriptExecutor       : DB: 'VALUES function' is deprecated and will be removed in a future release. Please use an alias (INSERT INTO ... VALUES (...) AS alias) and replace VALUES(col) in the ON DUPLICATE KEY UPDATE clause with alias.col instead (SQL State: HY000 - Error Code: 1287)
2026-07-25T13:39:50.836Z  INFO 1152 --- [teacher-cert-platform] [           main] o.f.core.internal.command.DbMigrate      : Migrating schema `teacher_cert_p41_source_4889649d15f340aab3204587af9c67cf` to version "5 - subject seed"
2026-07-25T13:39:50.840Z  WARN 1152 --- [teacher-cert-platform] [           main] o.f.c.i.s.DefaultSqlScriptExecutor       : DB: 'VALUES function' is deprecated and will be removed in a future release. Please use an alias (INSERT INTO ... VALUES (...) AS alias) and replace VALUES(col) in the ON DUPLICATE KEY UPDATE clause with alias.col instead (SQL State: HY000 - Error Code: 1287)
2026-07-25T13:39:50.840Z  WARN 1152 --- [teacher-cert-platform] [           main] o.f.c.i.s.DefaultSqlScriptExecutor       : DB: 'VALUES function' is deprecated and will be removed in a future release. Please use an alias (INSERT INTO ... VALUES (...) AS alias) and replace VALUES(col) in the ON DUPLICATE KEY UPDATE clause with alias.col instead (SQL State: HY000 - Error Code: 1287)
2026-07-25T13:39:50.840Z  WARN 1152 --- [teacher-cert-platform] [           main] o.f.c.i.s.DefaultSqlScriptExecutor       : DB: 'VALUES function' is deprecated and will be removed in a future release. Please use an alias (INSERT INTO ... VALUES (...) AS alias) and replace VALUES(col) in the ON DUPLICATE KEY UPDATE clause with alias.col instead (SQL State: HY000 - Error Code: 1287)
2026-07-25T13:39:50.840Z  WARN 1152 --- [teacher-cert-platform] [           main] o.f.c.i.s.DefaultSqlScriptExecutor       : DB: 'VALUES function' is deprecated and will be removed in a future release. Please use an alias (INSERT INTO ... VALUES (...) AS alias) and replace VALUES(col) in the ON DUPLICATE KEY UPDATE clause with alias.col instead (SQL State: HY000 - Error Code: 1287)
2026-07-25T13:39:50.840Z  WARN 1152 --- [teacher-cert-platform] [           main] o.f.c.i.s.DefaultSqlScriptExecutor       : DB: 'VALUES function' is deprecated and will be removed in a future release. Please use an alias (INSERT INTO ... VALUES (...) AS alias) and replace VALUES(col) in the ON DUPLICATE KEY UPDATE clause with alias.col instead (SQL State: HY000 - Error Code: 1287)
2026-07-25T13:39:50.841Z  WARN 1152 --- [teacher-cert-platform] [           main] o.f.c.i.s.DefaultSqlScriptExecutor       : DB: 'VALUES function' is deprecated and will be removed in a future release. Please use an alias (INSERT INTO ... VALUES (...) AS alias) and replace VALUES(col) in the ON DUPLICATE KEY UPDATE clause with alias.col instead (SQL State: HY000 - Error Code: 1287)
2026-07-25T13:39:50.863Z  INFO 1152 --- [teacher-cert-platform] [           main] o.f.core.internal.command.DbMigrate      : Migrating schema `teacher_cert_p41_source_4889649d15f340aab3204587af9c67cf` to version "6 - confirmed params"
2026-07-25T13:39:50.884Z  INFO 1152 --- [teacher-cert-platform] [           main] o.f.core.internal.command.DbMigrate      : Migrating schema `teacher_cert_p41_source_4889649d15f340aab3204587af9c67cf` to version "7 - rbac"
2026-07-25T13:39:51.353Z  INFO 1152 --- [teacher-cert-platform] [           main] o.f.core.internal.command.DbMigrate      : Migrating schema `teacher_cert_p41_source_4889649d15f340aab3204587af9c67cf` to version "8 - rbac seed"
2026-07-25T13:39:51.356Z  WARN 1152 --- [teacher-cert-platform] [           main] o.f.c.i.s.DefaultSqlScriptExecutor       : DB: 'VALUES function' is deprecated and will be removed in a future release. Please use an alias (INSERT INTO ... VALUES (...) AS alias) and replace VALUES(col) in the ON DUPLICATE KEY UPDATE clause with alias.col instead (SQL State: HY000 - Error Code: 1287)
2026-07-25T13:39:51.356Z  WARN 1152 --- [teacher-cert-platform] [           main] o.f.c.i.s.DefaultSqlScriptExecutor       : DB: 'VALUES function' is deprecated and will be removed in a future release. Please use an alias (INSERT INTO ... VALUES (...) AS alias) and replace VALUES(col) in the ON DUPLICATE KEY UPDATE clause with alias.col instead (SQL State: HY000 - Error Code: 1287)
2026-07-25T13:39:51.356Z  WARN 1152 --- [teacher-cert-platform] [           main] o.f.c.i.s.DefaultSqlScriptExecutor       : DB: 'VALUES function' is deprecated and will be removed in a future release. Please use an alias (INSERT INTO ... VALUES (...) AS alias) and replace VALUES(col) in the ON DUPLICATE KEY UPDATE clause with alias.col instead (SQL State: HY000 - Error Code: 1287)
2026-07-25T13:39:51.356Z  WARN 1152 --- [teacher-cert-platform] [           main] o.f.c.i.s.DefaultSqlScriptExecutor       : DB: 'VALUES function' is deprecated and will be removed in a future release. Please use an alias (INSERT INTO ... VALUES (...) AS alias) and replace VALUES(col) in the ON DUPLICATE KEY UPDATE clause with alias.col instead (SQL State: HY000 - Error Code: 1287)
2026-07-25T13:39:51.356Z  WARN 1152 --- [teacher-cert-platform] [           main] o.f.c.i.s.DefaultSqlScriptExecutor       : DB: 'VALUES function' is deprecated and will be removed in a future release. Please use an alias (INSERT INTO ... VALUES (...) AS alias) and replace VALUES(col) in the ON DUPLICATE KEY UPDATE clause with alias.col instead (SQL State: HY000 - Error Code: 1287)
2026-07-25T13:39:51.358Z  WARN 1152 --- [teacher-cert-platform] [           main] o.f.c.i.s.DefaultSqlScriptExecutor       : DB: 'VALUES function' is deprecated and will be removed in a future release. Please use an alias (INSERT INTO ... VALUES (...) AS alias) and replace VALUES(col) in the ON DUPLICATE KEY UPDATE clause with alias.col instead (SQL State: HY000 - Error Code: 1287)
2026-07-25T13:39:51.359Z  WARN 1152 --- [teacher-cert-platform] [           main] o.f.c.i.s.DefaultSqlScriptExecutor       : DB: 'VALUES function' is deprecated and will be removed in a future release. Please use an alias (INSERT INTO ... VALUES (...) AS alias) and replace VALUES(col) in the ON DUPLICATE KEY UPDATE clause with alias.col instead (SQL State: HY000 - Error Code: 1287)
2026-07-25T13:39:51.359Z  WARN 1152 --- [teacher-cert-platform] [           main] o.f.c.i.s.DefaultSqlScriptExecutor       : DB: 'VALUES function' is deprecated and will be removed in a future release. Please use an alias (INSERT INTO ... VALUES (...) AS alias) and replace VALUES(col) in the ON DUPLICATE KEY UPDATE clause with alias.col instead (SQL State: HY000 - Error Code: 1287)
2026-07-25T13:39:51.361Z  WARN 1152 --- [teacher-cert-platform] [           main] o.f.c.i.s.DefaultSqlScriptExecutor       : DB: 'VALUES function' is deprecated and will be removed in a future release. Please use an alias (INSERT INTO ... VALUES (...) AS alias) and replace VALUES(col) in the ON DUPLICATE KEY UPDATE clause with alias.col instead (SQL State: HY000 - Error Code: 1287)
2026-07-25T13:39:51.361Z  WARN 1152 --- [teacher-cert-platform] [           main] o.f.c.i.s.DefaultSqlScriptExecutor       : DB: 'VALUES function' is deprecated and will be removed in a future release. Please use an alias (INSERT INTO ... VALUES (...) AS alias) and replace VALUES(col) in the ON DUPLICATE KEY UPDATE clause with alias.col instead (SQL State: HY000 - Error Code: 1287)
2026-07-25T13:39:51.361Z  WARN 1152 --- [teacher-cert-platform] [           main] o.f.c.i.s.DefaultSqlScriptExecutor       : DB: 'VALUES function' is deprecated and will be removed in a future release. Please use an alias (INSERT INTO ... VALUES (...) AS alias) and replace VALUES(col) in the ON DUPLICATE KEY UPDATE clause with alias.col instead (SQL State: HY000 - Error Code: 1287)
2026-07-25T13:39:51.362Z  WARN 1152 --- [teacher-cert-platform] [           main] o.f.c.i.s.DefaultSqlScriptExecutor       : DB: 'VALUES function' is deprecated and will be removed in a future release. Please use an alias (INSERT INTO ... VALUES (...) AS alias) and replace VALUES(col) in the ON DUPLICATE KEY UPDATE clause with alias.col instead (SQL State: HY000 - Error Code: 1287)
2026-07-25T13:39:51.364Z  WARN 1152 --- [teacher-cert-platform] [           main] o.f.c.i.s.DefaultSqlScriptExecutor       : DB: 'VALUES function' is deprecated and will be removed in a future release. Please use an alias (INSERT INTO ... VALUES (...) AS alias) and replace VALUES(col) in the ON DUPLICATE KEY UPDATE clause with alias.col instead (SQL State: HY000 - Error Code: 1287)
2026-07-25T13:39:51.364Z  WARN 1152 --- [teacher-cert-platform] [           main] o.f.c.i.s.DefaultSqlScriptExecutor       : DB: 'VALUES function' is deprecated and will be removed in a future release. Please use an alias (INSERT INTO ... VALUES (...) AS alias) and replace VALUES(col) in the ON DUPLICATE KEY UPDATE clause with alias.col instead (SQL State: HY000 - Error Code: 1287)
2026-07-25T13:39:51.365Z  WARN 1152 --- [teacher-cert-platform] [           main] o.f.c.i.s.DefaultSqlScriptExecutor       : DB: 'VALUES function' is deprecated and will be removed in a future release. Please use an alias (INSERT INTO ... VALUES (...) AS alias) and replace VALUES(col) in the ON DUPLICATE KEY UPDATE clause with alias.col instead (SQL State: HY000 - Error Code: 1287)
2026-07-25T13:39:51.365Z  WARN 1152 --- [teacher-cert-platform] [           main] o.f.c.i.s.DefaultSqlScriptExecutor       : DB: 'VALUES function' is deprecated and will be removed in a future release. Please use an alias (INSERT INTO ... VALUES (...) AS alias) and replace VALUES(col) in the ON DUPLICATE KEY UPDATE clause with alias.col instead (SQL State: HY000 - Error Code: 1287)
2026-07-25T13:39:51.365Z  WARN 1152 --- [teacher-cert-platform] [           main] o.f.c.i.s.DefaultSqlScriptExecutor       : DB: 'VALUES function' is deprecated and will be removed in a future release. Please use an alias (INSERT INTO ... VALUES (...) AS alias) and replace VALUES(col) in the ON DUPLICATE KEY UPDATE clause with alias.col instead (SQL State: HY000 - Error Code: 1287)
2026-07-25T13:39:51.365Z  WARN 1152 --- [teacher-cert-platform] [           main] o.f.c.i.s.DefaultSqlScriptExecutor       : DB: 'VALUES function' is deprecated and will be removed in a future release. Please use an alias (INSERT INTO ... VALUES (...) AS alias) and replace VALUES(col) in the ON DUPLICATE KEY UPDATE clause with alias.col instead (SQL State: HY000 - Error Code: 1287)
2026-07-25T13:39:51.371Z  WARN 1152 --- [teacher-cert-platform] [           main] o.f.c.i.s.DefaultSqlScriptExecutor       : DB: 'VALUES function' is deprecated and will be removed in a future release. Please use an alias (INSERT INTO ... VALUES (...) AS alias) and replace VALUES(col) in the ON DUPLICATE KEY UPDATE clause with alias.col instead (SQL State: HY000 - Error Code: 1287)
2026-07-25T13:39:51.371Z  WARN 1152 --- [teacher-cert-platform] [           main] o.f.c.i.s.DefaultSqlScriptExecutor       : DB: 'VALUES function' is deprecated and will be removed in a future release. Please use an alias (INSERT INTO ... VALUES (...) AS alias) and replace VALUES(col) in the ON DUPLICATE KEY UPDATE clause with alias.col instead (SQL State: HY000 - Error Code: 1287)
2026-07-25T13:39:51.371Z  WARN 1152 --- [teacher-cert-platform] [           main] o.f.c.i.s.DefaultSqlScriptExecutor       : DB: 'VALUES function' is deprecated and will be removed in a future release. Please use an alias (INSERT INTO ... VALUES (...) AS alias) and replace VALUES(col) in the ON DUPLICATE KEY UPDATE clause with alias.col instead (SQL State: HY000 - Error Code: 1287)
2026-07-25T13:39:51.374Z  WARN 1152 --- [teacher-cert-platform] [           main] o.f.c.i.s.DefaultSqlScriptExecutor       : DB: 'VALUES function' is deprecated and will be removed in a future release. Please use an alias (INSERT INTO ... VALUES (...) AS alias) and replace VALUES(col) in the ON DUPLICATE KEY UPDATE clause with alias.col instead (SQL State: HY000 - Error Code: 1287)
2026-07-25T13:39:51.374Z  WARN 1152 --- [teacher-cert-platform] [           main] o.f.c.i.s.DefaultSqlScriptExecutor       : DB: 'VALUES function' is deprecated and will be removed in a future release. Please use an alias (INSERT INTO ... VALUES (...) AS alias) and replace VALUES(col) in the ON DUPLICATE KEY UPDATE clause with alias.col instead (SQL State: HY000 - Error Code: 1287)
2026-07-25T13:39:51.374Z  WARN 1152 --- [teacher-cert-platform] [           main] o.f.c.i.s.DefaultSqlScriptExecutor       : DB: 'VALUES function' is deprecated and will be removed in a future release. Please use an alias (INSERT INTO ... VALUES (...) AS alias) and replace VALUES(col) in the ON DUPLICATE KEY UPDATE clause with alias.col instead (SQL State: HY000 - Error Code: 1287)
2026-07-25T13:39:51.374Z  WARN 1152 --- [teacher-cert-platform] [           main] o.f.c.i.s.DefaultSqlScriptExecutor       : DB: 'VALUES function' is deprecated and will be removed in a future release. Please use an alias (INSERT INTO ... VALUES (...) AS alias) and replace VALUES(col) in the ON DUPLICATE KEY UPDATE clause with alias.col instead (SQL State: HY000 - Error Code: 1287)
2026-07-25T13:39:51.375Z  WARN 1152 --- [teacher-cert-platform] [           main] o.f.c.i.s.DefaultSqlScriptExecutor       : DB: 'VALUES function' is deprecated and will be removed in a future release. Please use an alias (INSERT INTO ... VALUES (...) AS alias) and replace VALUES(col) in the ON DUPLICATE KEY UPDATE clause with alias.col instead (SQL State: HY000 - Error Code: 1287)
2026-07-25T13:39:51.375Z  WARN 1152 --- [teacher-cert-platform] [           main] o.f.c.i.s.DefaultSqlScriptExecutor       : DB: 'VALUES function' is deprecated and will be removed in a future release. Please use an alias (INSERT INTO ... VALUES (...) AS alias) and replace VALUES(col) in the ON DUPLICATE KEY UPDATE clause with alias.col instead (SQL State: HY000 - Error Code: 1287)
2026-07-25T13:39:51.375Z  WARN 1152 --- [teacher-cert-platform] [           main] o.f.c.i.s.DefaultSqlScriptExecutor       : DB: 'VALUES function' is deprecated and will be removed in a future release. Please use an alias (INSERT INTO ... VALUES (...) AS alias) and replace VALUES(col) in the ON DUPLICATE KEY UPDATE clause with alias.col instead (SQL State: HY000 - Error Code: 1287)
2026-07-25T13:39:51.375Z  WARN 1152 --- [teacher-cert-platform] [           main] o.f.c.i.s.DefaultSqlScriptExecutor       : DB: 'VALUES function' is deprecated and will be removed in a future release. Please use an alias (INSERT INTO ... VALUES (...) AS alias) and replace VALUES(col) in the ON DUPLICATE KEY UPDATE clause with alias.col instead (SQL State: HY000 - Error Code: 1287)
2026-07-25T13:39:51.375Z  WARN 1152 --- [teacher-cert-platform] [           main] o.f.c.i.s.DefaultSqlScriptExecutor       : DB: 'VALUES function' is deprecated and will be removed in a future release. Please use an alias (INSERT INTO ... VALUES (...) AS alias) and replace VALUES(col) in the ON DUPLICATE KEY UPDATE clause with alias.col instead (SQL State: HY000 - Error Code: 1287)
2026-07-25T13:39:51.375Z  WARN 1152 --- [teacher-cert-platform] [           main] o.f.c.i.s.DefaultSqlScriptExecutor       : DB: 'VALUES function' is deprecated and will be removed in a future release. Please use an alias (INSERT INTO ... VALUES (...) AS alias) and replace VALUES(col) in the ON DUPLICATE KEY UPDATE clause with alias.col instead (SQL State: HY000 - Error Code: 1287)
2026-07-25T13:39:51.375Z  WARN 1152 --- [teacher-cert-platform] [           main] o.f.c.i.s.DefaultSqlScriptExecutor       : DB: 'VALUES function' is deprecated and will be removed in a future release. Please use an alias (INSERT INTO ... VALUES (...) AS alias) and replace VALUES(col) in the ON DUPLICATE KEY UPDATE clause with alias.col instead (SQL State: HY000 - Error Code: 1287)
2026-07-25T13:39:51.375Z  WARN 1152 --- [teacher-cert-platform] [           main] o.f.c.i.s.DefaultSqlScriptExecutor       : DB: 'VALUES function' is deprecated and will be removed in a future release. Please use an alias (INSERT INTO ... VALUES (...) AS alias) and replace VALUES(col) in the ON DUPLICATE KEY UPDATE clause with alias.col instead (SQL State: HY000 - Error Code: 1287)
2026-07-25T13:39:51.378Z  WARN 1152 --- [teacher-cert-platform] [           main] o.f.c.i.s.DefaultSqlScriptExecutor       : DB: 'VALUES function' is deprecated and will be removed in a future release. Please use an alias (INSERT INTO ... VALUES (...) AS alias) and replace VALUES(col) in the ON DUPLICATE KEY UPDATE clause with alias.col instead (SQL State: HY000 - Error Code: 1287)
2026-07-25T13:39:51.378Z  WARN 1152 --- [teacher-cert-platform] [           main] o.f.c.i.s.DefaultSqlScriptExecutor       : DB: 'VALUES function' is deprecated and will be removed in a future release. Please use an alias (INSERT INTO ... VALUES (...) AS alias) and replace VALUES(col) in the ON DUPLICATE KEY UPDATE clause with alias.col instead (SQL State: HY000 - Error Code: 1287)
2026-07-25T13:39:51.380Z  WARN 1152 --- [teacher-cert-platform] [           main] o.f.c.i.s.DefaultSqlScriptExecutor       : DB: 'VALUES function' is deprecated and will be removed in a future release. Please use an alias (INSERT INTO ... VALUES (...) AS alias) and replace VALUES(col) in the ON DUPLICATE KEY UPDATE clause with alias.col instead (SQL State: HY000 - Error Code: 1287)
2026-07-25T13:39:51.380Z  WARN 1152 --- [teacher-cert-platform] [           main] o.f.c.i.s.DefaultSqlScriptExecutor       : DB: 'VALUES function' is deprecated and will be removed in a future release. Please use an alias (INSERT INTO ... VALUES (...) AS alias) and replace VALUES(col) in the ON DUPLICATE KEY UPDATE clause with alias.col instead (SQL State: HY000 - Error Code: 1287)
2026-07-25T13:39:51.381Z  WARN 1152 --- [teacher-cert-platform] [           main] o.f.c.i.s.DefaultSqlScriptExecutor       : DB: 'VALUES function' is deprecated and will be removed in a future release. Please use an alias (INSERT INTO ... VALUES (...) AS alias) and replace VALUES(col) in the ON DUPLICATE KEY UPDATE clause with alias.col instead (SQL State: HY000 - Error Code: 1287)
2026-07-25T13:39:51.410Z  INFO 1152 --- [teacher-cert-platform] [           main] o.f.core.internal.command.DbMigrate      : Migrating schema `teacher_cert_p41_source_4889649d15f340aab3204587af9c67cf` to version "9 - student"
2026-07-25T13:39:51.489Z  WARN 1152 --- [teacher-cert-platform] [           main] o.f.c.i.s.DefaultSqlScriptExecutor       : DB: 'VALUES function' is deprecated and will be removed in a future release. Please use an alias (INSERT INTO ... VALUES (...) AS alias) and replace VALUES(col) in the ON DUPLICATE KEY UPDATE clause with alias.col instead (SQL State: HY000 - Error Code: 1287)
2026-07-25T13:39:51.489Z  WARN 1152 --- [teacher-cert-platform] [           main] o.f.c.i.s.DefaultSqlScriptExecutor       : DB: 'VALUES function' is deprecated and will be removed in a future release. Please use an alias (INSERT INTO ... VALUES (...) AS alias) and replace VALUES(col) in the ON DUPLICATE KEY UPDATE clause with alias.col instead (SQL State: HY000 - Error Code: 1287)
2026-07-25T13:39:51.489Z  WARN 1152 --- [teacher-cert-platform] [           main] o.f.c.i.s.DefaultSqlScriptExecutor       : DB: 'VALUES function' is deprecated and will be removed in a future release. Please use an alias (INSERT INTO ... VALUES (...) AS alias) and replace VALUES(col) in the ON DUPLICATE KEY UPDATE clause with alias.col instead (SQL State: HY000 - Error Code: 1287)
2026-07-25T13:39:51.489Z  WARN 1152 --- [teacher-cert-platform] [           main] o.f.c.i.s.DefaultSqlScriptExecutor       : DB: 'VALUES function' is deprecated and will be removed in a future release. Please use an alias (INSERT INTO ... VALUES (...) AS alias) and replace VALUES(col) in the ON DUPLICATE KEY UPDATE clause with alias.col instead (SQL State: HY000 - Error Code: 1287)
2026-07-25T13:39:51.489Z  WARN 1152 --- [teacher-cert-platform] [           main] o.f.c.i.s.DefaultSqlScriptExecutor       : DB: 'VALUES function' is deprecated and will be removed in a future release. Please use an alias (INSERT INTO ... VALUES (...) AS alias) and replace VALUES(col) in the ON DUPLICATE KEY UPDATE clause with alias.col instead (SQL State: HY000 - Error Code: 1287)
2026-07-25T13:39:51.490Z  WARN 1152 --- [teacher-cert-platform] [           main] o.f.c.i.s.DefaultSqlScriptExecutor       : DB: 'VALUES function' is deprecated and will be removed in a future release. Please use an alias (INSERT INTO ... VALUES (...) AS alias) and replace VALUES(col) in the ON DUPLICATE KEY UPDATE clause with alias.col instead (SQL State: HY000 - Error Code: 1287)
2026-07-25T13:39:51.490Z  WARN 1152 --- [teacher-cert-platform] [           main] o.f.c.i.s.DefaultSqlScriptExecutor       : DB: 'VALUES function' is deprecated and will be removed in a future release. Please use an alias (INSERT INTO ... VALUES (...) AS alias) and replace VALUES(col) in the ON DUPLICATE KEY UPDATE clause with alias.col instead (SQL State: HY000 - Error Code: 1287)
2026-07-25T13:39:51.490Z  WARN 1152 --- [teacher-cert-platform] [           main] o.f.c.i.s.DefaultSqlScriptExecutor       : DB: 'VALUES function' is deprecated and will be removed in a future release. Please use an alias (INSERT INTO ... VALUES (...) AS alias) and replace VALUES(col) in the ON DUPLICATE KEY UPDATE clause with alias.col instead (SQL State: HY000 - Error Code: 1287)
2026-07-25T13:39:51.490Z  WARN 1152 --- [teacher-cert-platform] [           main] o.f.c.i.s.DefaultSqlScriptExecutor       : DB: 'VALUES function' is deprecated and will be removed in a future release. Please use an alias (INSERT INTO ... VALUES (...) AS alias) and replace VALUES(col) in the ON DUPLICATE KEY UPDATE clause with alias.col instead (SQL State: HY000 - Error Code: 1287)
2026-07-25T13:39:51.490Z  WARN 1152 --- [teacher-cert-platform] [           main] o.f.c.i.s.DefaultSqlScriptExecutor       : DB: 'VALUES function' is deprecated and will be removed in a future release. Please use an alias (INSERT INTO ... VALUES (...) AS alias) and replace VALUES(col) in the ON DUPLICATE KEY UPDATE clause with alias.col instead (SQL State: HY000 - Error Code: 1287)
2026-07-25T13:39:51.490Z  WARN 1152 --- [teacher-cert-platform] [           main] o.f.c.i.s.DefaultSqlScriptExecutor       : DB: 'VALUES function' is deprecated and will be removed in a future release. Please use an alias (INSERT INTO ... VALUES (...) AS alias) and replace VALUES(col) in the ON DUPLICATE KEY UPDATE clause with alias.col instead (SQL State: HY000 - Error Code: 1287)
2026-07-25T13:39:51.490Z  WARN 1152 --- [teacher-cert-platform] [           main] o.f.c.i.s.DefaultSqlScriptExecutor       : DB: 'VALUES function' is deprecated and will be removed in a future release. Please use an alias (INSERT INTO ... VALUES (...) AS alias) and replace VALUES(col) in the ON DUPLICATE KEY UPDATE clause with alias.col instead (SQL State: HY000 - Error Code: 1287)
2026-07-25T13:39:51.490Z  WARN 1152 --- [teacher-cert-platform] [           main] o.f.c.i.s.DefaultSqlScriptExecutor       : DB: 'VALUES function' is deprecated and will be removed in a future release. Please use an alias (INSERT INTO ... VALUES (...) AS alias) and replace VALUES(col) in the ON DUPLICATE KEY UPDATE clause with alias.col instead (SQL State: HY000 - Error Code: 1287)
2026-07-25T13:39:51.490Z  WARN 1152 --- [teacher-cert-platform] [           main] o.f.c.i.s.DefaultSqlScriptExecutor       : DB: 'VALUES function' is deprecated and will be removed in a future release. Please use an alias (INSERT INTO ... VALUES (...) AS alias) and replace VALUES(col) in the ON DUPLICATE KEY UPDATE clause with alias.col instead (SQL State: HY000 - Error Code: 1287)
2026-07-25T13:39:51.515Z  INFO 1152 --- [teacher-cert-platform] [           main] o.f.core.internal.command.DbMigrate      : Migrating schema `teacher_cert_p41_source_4889649d15f340aab3204587af9c67cf` to version "10 - training profile"
2026-07-25T13:39:51.607Z  WARN 1152 --- [teacher-cert-platform] [           main] o.f.c.i.s.DefaultSqlScriptExecutor       : DB: 'VALUES function' is deprecated and will be removed in a future release. Please use an alias (INSERT INTO ... VALUES (...) AS alias) and replace VALUES(col) in the ON DUPLICATE KEY UPDATE clause with alias.col instead (SQL State: HY000 - Error Code: 1287)
2026-07-25T13:39:51.608Z  WARN 1152 --- [teacher-cert-platform] [           main] o.f.c.i.s.DefaultSqlScriptExecutor       : DB: 'VALUES function' is deprecated and will be removed in a future release. Please use an alias (INSERT INTO ... VALUES (...) AS alias) and replace VALUES(col) in the ON DUPLICATE KEY UPDATE clause with alias.col instead (SQL State: HY000 - Error Code: 1287)
2026-07-25T13:39:51.608Z  WARN 1152 --- [teacher-cert-platform] [           main] o.f.c.i.s.DefaultSqlScriptExecutor       : DB: 'VALUES function' is deprecated and will be removed in a future release. Please use an alias (INSERT INTO ... VALUES (...) AS alias) and replace VALUES(col) in the ON DUPLICATE KEY UPDATE clause with alias.col instead (SQL State: HY000 - Error Code: 1287)
2026-07-25T13:39:51.608Z  WARN 1152 --- [teacher-cert-platform] [           main] o.f.c.i.s.DefaultSqlScriptExecutor       : DB: 'VALUES function' is deprecated and will be removed in a future release. Please use an alias (INSERT INTO ... VALUES (...) AS alias) and replace VALUES(col) in the ON DUPLICATE KEY UPDATE clause with alias.col instead (SQL State: HY000 - Error Code: 1287)
2026-07-25T13:39:51.608Z  WARN 1152 --- [teacher-cert-platform] [           main] o.f.c.i.s.DefaultSqlScriptExecutor       : DB: 'VALUES function' is deprecated and will be removed in a future release. Please use an alias (INSERT INTO ... VALUES (...) AS alias) and replace VALUES(col) in the ON DUPLICATE KEY UPDATE clause with alias.col instead (SQL State: HY000 - Error Code: 1287)
2026-07-25T13:39:51.608Z  WARN 1152 --- [teacher-cert-platform] [           main] o.f.c.i.s.DefaultSqlScriptExecutor       : DB: 'VALUES function' is deprecated and will be removed in a future release. Please use an alias (INSERT INTO ... VALUES (...) AS alias) and replace VALUES(col) in the ON DUPLICATE KEY UPDATE clause with alias.col instead (SQL State: HY000 - Error Code: 1287)
2026-07-25T13:39:51.608Z  WARN 1152 --- [teacher-cert-platform] [           main] o.f.c.i.s.DefaultSqlScriptExecutor       : DB: 'VALUES function' is deprecated and will be removed in a future release. Please use an alias (INSERT INTO ... VALUES (...) AS alias) and replace VALUES(col) in the ON DUPLICATE KEY UPDATE clause with alias.col instead (SQL State: HY000 - Error Code: 1287)
2026-07-25T13:39:51.610Z  WARN 1152 --- [teacher-cert-platform] [           main] o.f.c.i.s.DefaultSqlScriptExecutor       : DB: 'VALUES function' is deprecated and will be removed in a future release. Please use an alias (INSERT INTO ... VALUES (...) AS alias) and replace VALUES(col) in the ON DUPLICATE KEY UPDATE clause with alias.col instead (SQL State: HY000 - Error Code: 1287)
2026-07-25T13:39:51.610Z  WARN 1152 --- [teacher-cert-platform] [           main] o.f.c.i.s.DefaultSqlScriptExecutor       : DB: 'VALUES function' is deprecated and will be removed in a future release. Please use an alias (INSERT INTO ... VALUES (...) AS alias) and replace VALUES(col) in the ON DUPLICATE KEY UPDATE clause with alias.col instead (SQL State: HY000 - Error Code: 1287)
2026-07-25T13:39:51.611Z  WARN 1152 --- [teacher-cert-platform] [           main] o.f.c.i.s.DefaultSqlScriptExecutor       : DB: 'VALUES function' is deprecated and will be removed in a future release. Please use an alias (INSERT INTO ... VALUES (...) AS alias) and replace VALUES(col) in the ON DUPLICATE KEY UPDATE clause with alias.col instead (SQL State: HY000 - Error Code: 1287)
2026-07-25T13:39:51.612Z  WARN 1152 --- [teacher-cert-platform] [           main] o.f.c.i.s.DefaultSqlScriptExecutor       : DB: 'VALUES function' is deprecated and will be removed in a future release. Please use an alias (INSERT INTO ... VALUES (...) AS alias) and replace VALUES(col) in the ON DUPLICATE KEY UPDATE clause with alias.col instead (SQL State: HY000 - Error Code: 1287)
2026-07-25T13:39:51.612Z  WARN 1152 --- [teacher-cert-platform] [           main] o.f.c.i.s.DefaultSqlScriptExecutor       : DB: 'VALUES function' is deprecated and will be removed in a future release. Please use an alias (INSERT INTO ... VALUES (...) AS alias) and replace VALUES(col) in the ON DUPLICATE KEY UPDATE clause with alias.col instead (SQL State: HY000 - Error Code: 1287)
2026-07-25T13:39:51.612Z  WARN 1152 --- [teacher-cert-platform] [           main] o.f.c.i.s.DefaultSqlScriptExecutor       : DB: 'VALUES function' is deprecated and will be removed in a future release. Please use an alias (INSERT INTO ... VALUES (...) AS alias) and replace VALUES(col) in the ON DUPLICATE KEY UPDATE clause with alias.col instead (SQL State: HY000 - Error Code: 1287)
2026-07-25T13:39:51.612Z  WARN 1152 --- [teacher-cert-platform] [           main] o.f.c.i.s.DefaultSqlScriptExecutor       : DB: 'VALUES function' is deprecated and will be removed in a future release. Please use an alias (INSERT INTO ... VALUES (...) AS alias) and replace VALUES(col) in the ON DUPLICATE KEY UPDATE clause with alias.col instead (SQL State: HY000 - Error Code: 1287)
2026-07-25T13:39:51.631Z  INFO 1152 --- [teacher-cert-platform] [           main] o.f.core.internal.command.DbMigrate      : Migrating schema `teacher_cert_p41_source_4889649d15f340aab3204587af9c67cf` to version "11 - process material"
2026-07-25T13:39:51.699Z  WARN 1152 --- [teacher-cert-platform] [           main] o.f.c.i.s.DefaultSqlScriptExecutor       : DB: 'VALUES function' is deprecated and will be removed in a future release. Please use an alias (INSERT INTO ... VALUES (...) AS alias) and replace VALUES(col) in the ON DUPLICATE KEY UPDATE clause with alias.col instead (SQL State: HY000 - Error Code: 1287)
2026-07-25T13:39:51.700Z  WARN 1152 --- [teacher-cert-platform] [           main] o.f.c.i.s.DefaultSqlScriptExecutor       : DB: 'VALUES function' is deprecated and will be removed in a future release. Please use an alias (INSERT INTO ... VALUES (...) AS alias) and replace VALUES(col) in the ON DUPLICATE KEY UPDATE clause with alias.col instead (SQL State: HY000 - Error Code: 1287)
2026-07-25T13:39:51.700Z  WARN 1152 --- [teacher-cert-platform] [           main] o.f.c.i.s.DefaultSqlScriptExecutor       : DB: 'VALUES function' is deprecated and will be removed in a future release. Please use an alias (INSERT INTO ... VALUES (...) AS alias) and replace VALUES(col) in the ON DUPLICATE KEY UPDATE clause with alias.col instead (SQL State: HY000 - Error Code: 1287)
2026-07-25T13:39:51.700Z  WARN 1152 --- [teacher-cert-platform] [           main] o.f.c.i.s.DefaultSqlScriptExecutor       : DB: 'VALUES function' is deprecated and will be removed in a future release. Please use an alias (INSERT INTO ... VALUES (...) AS alias) and replace VALUES(col) in the ON DUPLICATE KEY UPDATE clause with alias.col instead (SQL State: HY000 - Error Code: 1287)
2026-07-25T13:39:51.700Z  WARN 1152 --- [teacher-cert-platform] [           main] o.f.c.i.s.DefaultSqlScriptExecutor       : DB: 'VALUES function' is deprecated and will be removed in a future release. Please use an alias (INSERT INTO ... VALUES (...) AS alias) and replace VALUES(col) in the ON DUPLICATE KEY UPDATE clause with alias.col instead (SQL State: HY000 - Error Code: 1287)
2026-07-25T13:39:51.718Z  INFO 1152 --- [teacher-cert-platform] [           main] o.f.core.internal.command.DbMigrate      : Migrating schema `teacher_cert_p41_source_4889649d15f340aab3204587af9c67cf` to version "12 - exemption"
2026-07-25T13:39:51.880Z  WARN 1152 --- [teacher-cert-platform] [           main] o.f.c.i.s.DefaultSqlScriptExecutor       : DB: 'VALUES function' is deprecated and will be removed in a future release. Please use an alias (INSERT INTO ... VALUES (...) AS alias) and replace VALUES(col) in the ON DUPLICATE KEY UPDATE clause with alias.col instead (SQL State: HY000 - Error Code: 1287)
2026-07-25T13:39:51.881Z  WARN 1152 --- [teacher-cert-platform] [           main] o.f.c.i.s.DefaultSqlScriptExecutor       : DB: 'VALUES function' is deprecated and will be removed in a future release. Please use an alias (INSERT INTO ... VALUES (...) AS alias) and replace VALUES(col) in the ON DUPLICATE KEY UPDATE clause with alias.col instead (SQL State: HY000 - Error Code: 1287)
2026-07-25T13:39:51.881Z  WARN 1152 --- [teacher-cert-platform] [           main] o.f.c.i.s.DefaultSqlScriptExecutor       : DB: 'VALUES function' is deprecated and will be removed in a future release. Please use an alias (INSERT INTO ... VALUES (...) AS alias) and replace VALUES(col) in the ON DUPLICATE KEY UPDATE clause with alias.col instead (SQL State: HY000 - Error Code: 1287)
2026-07-25T13:39:51.881Z  WARN 1152 --- [teacher-cert-platform] [           main] o.f.c.i.s.DefaultSqlScriptExecutor       : DB: 'VALUES function' is deprecated and will be removed in a future release. Please use an alias (INSERT INTO ... VALUES (...) AS alias) and replace VALUES(col) in the ON DUPLICATE KEY UPDATE clause with alias.col instead (SQL State: HY000 - Error Code: 1287)
2026-07-25T13:39:51.881Z  WARN 1152 --- [teacher-cert-platform] [           main] o.f.c.i.s.DefaultSqlScriptExecutor       : DB: 'VALUES function' is deprecated and will be removed in a future release. Please use an alias (INSERT INTO ... VALUES (...) AS alias) and replace VALUES(col) in the ON DUPLICATE KEY UPDATE clause with alias.col instead (SQL State: HY000 - Error Code: 1287)
2026-07-25T13:39:51.882Z  WARN 1152 --- [teacher-cert-platform] [           main] o.f.c.i.s.DefaultSqlScriptExecutor       : DB: 'VALUES function' is deprecated and will be removed in a future release. Please use an alias (INSERT INTO ... VALUES (...) AS alias) and replace VALUES(col) in the ON DUPLICATE KEY UPDATE clause with alias.col instead (SQL State: HY000 - Error Code: 1287)
2026-07-25T13:39:51.883Z  WARN 1152 --- [teacher-cert-platform] [           main] o.f.c.i.s.DefaultSqlScriptExecutor       : DB: 'VALUES function' is deprecated and will be removed in a future release. Please use an alias (INSERT INTO ... VALUES (...) AS alias) and replace VALUES(col) in the ON DUPLICATE KEY UPDATE clause with alias.col instead (SQL State: HY000 - Error Code: 1287)
2026-07-25T13:39:51.883Z  WARN 1152 --- [teacher-cert-platform] [           main] o.f.c.i.s.DefaultSqlScriptExecutor       : DB: 'VALUES function' is deprecated and will be removed in a future release. Please use an alias (INSERT INTO ... VALUES (...) AS alias) and replace VALUES(col) in the ON DUPLICATE KEY UPDATE clause with alias.col instead (SQL State: HY000 - Error Code: 1287)
2026-07-25T13:39:51.883Z  WARN 1152 --- [teacher-cert-platform] [           main] o.f.c.i.s.DefaultSqlScriptExecutor       : DB: 'VALUES function' is deprecated and will be removed in a future release. Please use an alias (INSERT INTO ... VALUES (...) AS alias) and replace VALUES(col) in the ON DUPLICATE KEY UPDATE clause with alias.col instead (SQL State: HY000 - Error Code: 1287)
2026-07-25T13:39:51.883Z  WARN 1152 --- [teacher-cert-platform] [           main] o.f.c.i.s.DefaultSqlScriptExecutor       : DB: 'VALUES function' is deprecated and will be removed in a future release. Please use an alias (INSERT INTO ... VALUES (...) AS alias) and replace VALUES(col) in the ON DUPLICATE KEY UPDATE clause with alias.col instead (SQL State: HY000 - Error Code: 1287)
2026-07-25T13:39:51.883Z  WARN 1152 --- [teacher-cert-platform] [           main] o.f.c.i.s.DefaultSqlScriptExecutor       : DB: 'VALUES function' is deprecated and will be removed in a future release. Please use an alias (INSERT INTO ... VALUES (...) AS alias) and replace VALUES(col) in the ON DUPLICATE KEY UPDATE clause with alias.col instead (SQL State: HY000 - Error Code: 1287)
2026-07-25T13:39:51.885Z  WARN 1152 --- [teacher-cert-platform] [           main] o.f.c.i.s.DefaultSqlScriptExecutor       : DB: 'VALUES function' is deprecated and will be removed in a future release. Please use an alias (INSERT INTO ... VALUES (...) AS alias) and replace VALUES(col) in the ON DUPLICATE KEY UPDATE clause with alias.col instead (SQL State: HY000 - Error Code: 1287)
2026-07-25T13:39:51.885Z  WARN 1152 --- [teacher-cert-platform] [           main] o.f.c.i.s.DefaultSqlScriptExecutor       : DB: 'VALUES function' is deprecated and will be removed in a future release. Please use an alias (INSERT INTO ... VALUES (...) AS alias) and replace VALUES(col) in the ON DUPLICATE KEY UPDATE clause with alias.col instead (SQL State: HY000 - Error Code: 1287)
2026-07-25T13:39:51.885Z  WARN 1152 --- [teacher-cert-platform] [           main] o.f.c.i.s.DefaultSqlScriptExecutor       : DB: 'VALUES function' is deprecated and will be removed in a future release. Please use an alias (INSERT INTO ... VALUES (...) AS alias) and replace VALUES(col) in the ON DUPLICATE KEY UPDATE clause with alias.col instead (SQL State: HY000 - Error Code: 1287)
2026-07-25T13:39:51.885Z  WARN 1152 --- [teacher-cert-platform] [           main] o.f.c.i.s.DefaultSqlScriptExecutor       : DB: 'VALUES function' is deprecated and will be removed in a future release. Please use an alias (INSERT INTO ... VALUES (...) AS alias) and replace VALUES(col) in the ON DUPLICATE KEY UPDATE clause with alias.col instead (SQL State: HY000 - Error Code: 1287)
2026-07-25T13:39:51.885Z  WARN 1152 --- [teacher-cert-platform] [           main] o.f.c.i.s.DefaultSqlScriptExecutor       : DB: 'VALUES function' is deprecated and will be removed in a future release. Please use an alias (INSERT INTO ... VALUES (...) AS alias) and replace VALUES(col) in the ON DUPLICATE KEY UPDATE clause with alias.col instead (SQL State: HY000 - Error Code: 1287)
2026-07-25T13:39:51.908Z  INFO 1152 --- [teacher-cert-platform] [           main] o.f.core.internal.command.DbMigrate      : Migrating schema `teacher_cert_p41_source_4889649d15f340aab3204587af9c67cf` to version "13 - video"
2026-07-25T13:39:52.215Z  WARN 1152 --- [teacher-cert-platform] [           main] o.f.c.i.s.DefaultSqlScriptExecutor       : DB: 'VALUES function' is deprecated and will be removed in a future release. Please use an alias (INSERT INTO ... VALUES (...) AS alias) and replace VALUES(col) in the ON DUPLICATE KEY UPDATE clause with alias.col instead (SQL State: HY000 - Error Code: 1287)
2026-07-25T13:39:52.216Z  WARN 1152 --- [teacher-cert-platform] [           main] o.f.c.i.s.DefaultSqlScriptExecutor       : DB: 'VALUES function' is deprecated and will be removed in a future release. Please use an alias (INSERT INTO ... VALUES (...) AS alias) and replace VALUES(col) in the ON DUPLICATE KEY UPDATE clause with alias.col instead (SQL State: HY000 - Error Code: 1287)
2026-07-25T13:39:52.216Z  WARN 1152 --- [teacher-cert-platform] [           main] o.f.c.i.s.DefaultSqlScriptExecutor       : DB: 'VALUES function' is deprecated and will be removed in a future release. Please use an alias (INSERT INTO ... VALUES (...) AS alias) and replace VALUES(col) in the ON DUPLICATE KEY UPDATE clause with alias.col instead (SQL State: HY000 - Error Code: 1287)
2026-07-25T13:39:52.216Z  WARN 1152 --- [teacher-cert-platform] [           main] o.f.c.i.s.DefaultSqlScriptExecutor       : DB: 'VALUES function' is deprecated and will be removed in a future release. Please use an alias (INSERT INTO ... VALUES (...) AS alias) and replace VALUES(col) in the ON DUPLICATE KEY UPDATE clause with alias.col instead (SQL State: HY000 - Error Code: 1287)
2026-07-25T13:39:52.216Z  WARN 1152 --- [teacher-cert-platform] [           main] o.f.c.i.s.DefaultSqlScriptExecutor       : DB: 'VALUES function' is deprecated and will be removed in a future release. Please use an alias (INSERT INTO ... VALUES (...) AS alias) and replace VALUES(col) in the ON DUPLICATE KEY UPDATE clause with alias.col instead (SQL State: HY000 - Error Code: 1287)
2026-07-25T13:39:52.217Z  WARN 1152 --- [teacher-cert-platform] [           main] o.f.c.i.s.DefaultSqlScriptExecutor       : DB: 'VALUES function' is deprecated and will be removed in a future release. Please use an alias (INSERT INTO ... VALUES (...) AS alias) and replace VALUES(col) in the ON DUPLICATE KEY UPDATE clause with alias.col instead (SQL State: HY000 - Error Code: 1287)
2026-07-25T13:39:52.217Z  WARN 1152 --- [teacher-cert-platform] [           main] o.f.c.i.s.DefaultSqlScriptExecutor       : DB: 'VALUES function' is deprecated and will be removed in a future release. Please use an alias (INSERT INTO ... VALUES (...) AS alias) and replace VALUES(col) in the ON DUPLICATE KEY UPDATE clause with alias.col instead (SQL State: HY000 - Error Code: 1287)
2026-07-25T13:39:52.217Z  WARN 1152 --- [teacher-cert-platform] [           main] o.f.c.i.s.DefaultSqlScriptExecutor       : DB: 'VALUES function' is deprecated and will be removed in a future release. Please use an alias (INSERT INTO ... VALUES (...) AS alias) and replace VALUES(col) in the ON DUPLICATE KEY UPDATE clause with alias.col instead (SQL State: HY000 - Error Code: 1287)
2026-07-25T13:39:52.218Z  WARN 1152 --- [teacher-cert-platform] [           main] o.f.c.i.s.DefaultSqlScriptExecutor       : DB: 'VALUES function' is deprecated and will be removed in a future release. Please use an alias (INSERT INTO ... VALUES (...) AS alias) and replace VALUES(col) in the ON DUPLICATE KEY UPDATE clause with alias.col instead (SQL State: HY000 - Error Code: 1287)
2026-07-25T13:39:52.218Z  WARN 1152 --- [teacher-cert-platform] [           main] o.f.c.i.s.DefaultSqlScriptExecutor       : DB: 'VALUES function' is deprecated and will be removed in a future release. Please use an alias (INSERT INTO ... VALUES (...) AS alias) and replace VALUES(col) in the ON DUPLICATE KEY UPDATE clause with alias.col instead (SQL State: HY000 - Error Code: 1287)
2026-07-25T13:39:52.240Z  INFO 1152 --- [teacher-cert-platform] [           main] o.f.core.internal.command.DbMigrate      : Migrating schema `teacher_cert_p41_source_4889649d15f340aab3204587af9c67cf` to version "14 - test"
2026-07-25T13:39:52.324Z  WARN 1152 --- [teacher-cert-platform] [           main] o.f.c.i.s.DefaultSqlScriptExecutor       : DB: 'VALUES function' is deprecated and will be removed in a future release. Please use an alias (INSERT INTO ... VALUES (...) AS alias) and replace VALUES(col) in the ON DUPLICATE KEY UPDATE clause with alias.col instead (SQL State: HY000 - Error Code: 1287)
2026-07-25T13:39:52.325Z  WARN 1152 --- [teacher-cert-platform] [           main] o.f.c.i.s.DefaultSqlScriptExecutor       : DB: 'VALUES function' is deprecated and will be removed in a future release. Please use an alias (INSERT INTO ... VALUES (...) AS alias) and replace VALUES(col) in the ON DUPLICATE KEY UPDATE clause with alias.col instead (SQL State: HY000 - Error Code: 1287)
2026-07-25T13:39:52.325Z  WARN 1152 --- [teacher-cert-platform] [           main] o.f.c.i.s.DefaultSqlScriptExecutor       : DB: 'VALUES function' is deprecated and will be removed in a future release. Please use an alias (INSERT INTO ... VALUES (...) AS alias) and replace VALUES(col) in the ON DUPLICATE KEY UPDATE clause with alias.col instead (SQL State: HY000 - Error Code: 1287)
2026-07-25T13:39:52.325Z  WARN 1152 --- [teacher-cert-platform] [           main] o.f.c.i.s.DefaultSqlScriptExecutor       : DB: 'VALUES function' is deprecated and will be removed in a future release. Please use an alias (INSERT INTO ... VALUES (...) AS alias) and replace VALUES(col) in the ON DUPLICATE KEY UPDATE clause with alias.col instead (SQL State: HY000 - Error Code: 1287)
2026-07-25T13:39:52.326Z  WARN 1152 --- [teacher-cert-platform] [           main] o.f.c.i.s.DefaultSqlScriptExecutor       : DB: 'VALUES function' is deprecated and will be removed in a future release. Please use an alias (INSERT INTO ... VALUES (...) AS alias) and replace VALUES(col) in the ON DUPLICATE KEY UPDATE clause with alias.col instead (SQL State: HY000 - Error Code: 1287)
2026-07-25T13:39:52.327Z  WARN 1152 --- [teacher-cert-platform] [           main] o.f.c.i.s.DefaultSqlScriptExecutor       : DB: 'VALUES function' is deprecated and will be removed in a future release. Please use an alias (INSERT INTO ... VALUES (...) AS alias) and replace VALUES(col) in the ON DUPLICATE KEY UPDATE clause with alias.col instead (SQL State: HY000 - Error Code: 1287)
2026-07-25T13:39:52.327Z  WARN 1152 --- [teacher-cert-platform] [           main] o.f.c.i.s.DefaultSqlScriptExecutor       : DB: 'VALUES function' is deprecated and will be removed in a future release. Please use an alias (INSERT INTO ... VALUES (...) AS alias) and replace VALUES(col) in the ON DUPLICATE KEY UPDATE clause with alias.col instead (SQL State: HY000 - Error Code: 1287)
2026-07-25T13:39:52.327Z  WARN 1152 --- [teacher-cert-platform] [           main] o.f.c.i.s.DefaultSqlScriptExecutor       : DB: 'VALUES function' is deprecated and will be removed in a future release. Please use an alias (INSERT INTO ... VALUES (...) AS alias) and replace VALUES(col) in the ON DUPLICATE KEY UPDATE clause with alias.col instead (SQL State: HY000 - Error Code: 1287)
2026-07-25T13:39:52.327Z  WARN 1152 --- [teacher-cert-platform] [           main] o.f.c.i.s.DefaultSqlScriptExecutor       : DB: 'VALUES function' is deprecated and will be removed in a future release. Please use an alias (INSERT INTO ... VALUES (...) AS alias) and replace VALUES(col) in the ON DUPLICATE KEY UPDATE clause with alias.col instead (SQL State: HY000 - Error Code: 1287)
2026-07-25T13:39:52.327Z  WARN 1152 --- [teacher-cert-platform] [           main] o.f.c.i.s.DefaultSqlScriptExecutor       : DB: 'VALUES function' is deprecated and will be removed in a future release. Please use an alias (INSERT INTO ... VALUES (...) AS alias) and replace VALUES(col) in the ON DUPLICATE KEY UPDATE clause with alias.col instead (SQL State: HY000 - Error Code: 1287)
2026-07-25T13:39:52.329Z  WARN 1152 --- [teacher-cert-platform] [           main] o.f.c.i.s.DefaultSqlScriptExecutor       : DB: 'VALUES function' is deprecated and will be removed in a future release. Please use an alias (INSERT INTO ... VALUES (...) AS alias) and replace VALUES(col) in the ON DUPLICATE KEY UPDATE clause with alias.col instead (SQL State: HY000 - Error Code: 1287)
2026-07-25T13:39:52.329Z  WARN 1152 --- [teacher-cert-platform] [           main] o.f.c.i.s.DefaultSqlScriptExecutor       : DB: 'VALUES function' is deprecated and will be removed in a future release. Please use an alias (INSERT INTO ... VALUES (...) AS alias) and replace VALUES(col) in the ON DUPLICATE KEY UPDATE clause with alias.col instead (SQL State: HY000 - Error Code: 1287)
2026-07-25T13:39:52.329Z  WARN 1152 --- [teacher-cert-platform] [           main] o.f.c.i.s.DefaultSqlScriptExecutor       : DB: 'VALUES function' is deprecated and will be removed in a future release. Please use an alias (INSERT INTO ... VALUES (...) AS alias) and replace VALUES(col) in the ON DUPLICATE KEY UPDATE clause with alias.col instead (SQL State: HY000 - Error Code: 1287)
2026-07-25T13:39:52.329Z  WARN 1152 --- [teacher-cert-platform] [           main] o.f.c.i.s.DefaultSqlScriptExecutor       : DB: 'VALUES function' is deprecated and will be removed in a future release. Please use an alias (INSERT INTO ... VALUES (...) AS alias) and replace VALUES(col) in the ON DUPLICATE KEY UPDATE clause with alias.col instead (SQL State: HY000 - Error Code: 1287)
2026-07-25T13:39:52.329Z  WARN 1152 --- [teacher-cert-platform] [           main] o.f.c.i.s.DefaultSqlScriptExecutor       : DB: 'VALUES function' is deprecated and will be removed in a future release. Please use an alias (INSERT INTO ... VALUES (...) AS alias) and replace VALUES(col) in the ON DUPLICATE KEY UPDATE clause with alias.col instead (SQL State: HY000 - Error Code: 1287)
2026-07-25T13:39:52.330Z  WARN 1152 --- [teacher-cert-platform] [           main] o.f.c.i.s.DefaultSqlScriptExecutor       : DB: 'VALUES function' is deprecated and will be removed in a future release. Please use an alias (INSERT INTO ... VALUES (...) AS alias) and replace VALUES(col) in the ON DUPLICATE KEY UPDATE clause with alias.col instead (SQL State: HY000 - Error Code: 1287)
2026-07-25T13:39:52.331Z  WARN 1152 --- [teacher-cert-platform] [           main] o.f.c.i.s.DefaultSqlScriptExecutor       : DB: 'VALUES function' is deprecated and will be removed in a future release. Please use an alias (INSERT INTO ... VALUES (...) AS alias) and replace VALUES(col) in the ON DUPLICATE KEY UPDATE clause with alias.col instead (SQL State: HY000 - Error Code: 1287)
2026-07-25T13:39:52.332Z  WARN 1152 --- [teacher-cert-platform] [           main] o.f.c.i.s.DefaultSqlScriptExecutor       : DB: 'VALUES function' is deprecated and will be removed in a future release. Please use an alias (INSERT INTO ... VALUES (...) AS alias) and replace VALUES(col) in the ON DUPLICATE KEY UPDATE clause with alias.col instead (SQL State: HY000 - Error Code: 1287)
2026-07-25T13:39:52.332Z  WARN 1152 --- [teacher-cert-platform] [           main] o.f.c.i.s.DefaultSqlScriptExecutor       : DB: 'VALUES function' is deprecated and will be removed in a future release. Please use an alias (INSERT INTO ... VALUES (...) AS alias) and replace VALUES(col) in the ON DUPLICATE KEY UPDATE clause with alias.col instead (SQL State: HY000 - Error Code: 1287)
2026-07-25T13:39:52.358Z  INFO 1152 --- [teacher-cert-platform] [           main] o.f.core.internal.command.DbMigrate      : Migrating schema `teacher_cert_p41_source_4889649d15f340aab3204587af9c67cf` to version "15 - certificate"
2026-07-25T13:39:52.496Z  WARN 1152 --- [teacher-cert-platform] [           main] o.f.c.i.s.DefaultSqlScriptExecutor       : DB: 'VALUES function' is deprecated and will be removed in a future release. Please use an alias (INSERT INTO ... VALUES (...) AS alias) and replace VALUES(col) in the ON DUPLICATE KEY UPDATE clause with alias.col instead (SQL State: HY000 - Error Code: 1287)
2026-07-25T13:39:52.497Z  WARN 1152 --- [teacher-cert-platform] [           main] o.f.c.i.s.DefaultSqlScriptExecutor       : DB: 'VALUES function' is deprecated and will be removed in a future release. Please use an alias (INSERT INTO ... VALUES (...) AS alias) and replace VALUES(col) in the ON DUPLICATE KEY UPDATE clause with alias.col instead (SQL State: HY000 - Error Code: 1287)
2026-07-25T13:39:52.497Z  WARN 1152 --- [teacher-cert-platform] [           main] o.f.c.i.s.DefaultSqlScriptExecutor       : DB: 'VALUES function' is deprecated and will be removed in a future release. Please use an alias (INSERT INTO ... VALUES (...) AS alias) and replace VALUES(col) in the ON DUPLICATE KEY UPDATE clause with alias.col instead (SQL State: HY000 - Error Code: 1287)
2026-07-25T13:39:52.497Z  WARN 1152 --- [teacher-cert-platform] [           main] o.f.c.i.s.DefaultSqlScriptExecutor       : DB: 'VALUES function' is deprecated and will be removed in a future release. Please use an alias (INSERT INTO ... VALUES (...) AS alias) and replace VALUES(col) in the ON DUPLICATE KEY UPDATE clause with alias.col instead (SQL State: HY000 - Error Code: 1287)
2026-07-25T13:39:52.498Z  WARN 1152 --- [teacher-cert-platform] [           main] o.f.c.i.s.DefaultSqlScriptExecutor       : DB: 'VALUES function' is deprecated and will be removed in a future release. Please use an alias (INSERT INTO ... VALUES (...) AS alias) and replace VALUES(col) in the ON DUPLICATE KEY UPDATE clause with alias.col instead (SQL State: HY000 - Error Code: 1287)
2026-07-25T13:39:52.498Z  WARN 1152 --- [teacher-cert-platform] [           main] o.f.c.i.s.DefaultSqlScriptExecutor       : DB: 'VALUES function' is deprecated and will be removed in a future release. Please use an alias (INSERT INTO ... VALUES (...) AS alias) and replace VALUES(col) in the ON DUPLICATE KEY UPDATE clause with alias.col instead (SQL State: HY000 - Error Code: 1287)
2026-07-25T13:39:52.498Z  WARN 1152 --- [teacher-cert-platform] [           main] o.f.c.i.s.DefaultSqlScriptExecutor       : DB: 'VALUES function' is deprecated and will be removed in a future release. Please use an alias (INSERT INTO ... VALUES (...) AS alias) and replace VALUES(col) in the ON DUPLICATE KEY UPDATE clause with alias.col instead (SQL State: HY000 - Error Code: 1287)
2026-07-25T13:39:52.499Z  WARN 1152 --- [teacher-cert-platform] [           main] o.f.c.i.s.DefaultSqlScriptExecutor       : DB: 'VALUES function' is deprecated and will be removed in a future release. Please use an alias (INSERT INTO ... VALUES (...) AS alias) and replace VALUES(col) in the ON DUPLICATE KEY UPDATE clause with alias.col instead (SQL State: HY000 - Error Code: 1287)
2026-07-25T13:39:52.499Z  WARN 1152 --- [teacher-cert-platform] [           main] o.f.c.i.s.DefaultSqlScriptExecutor       : DB: 'VALUES function' is deprecated and will be removed in a future release. Please use an alias (INSERT INTO ... VALUES (...) AS alias) and replace VALUES(col) in the ON DUPLICATE KEY UPDATE clause with alias.col instead (SQL State: HY000 - Error Code: 1287)
2026-07-25T13:39:52.499Z  WARN 1152 --- [teacher-cert-platform] [           main] o.f.c.i.s.DefaultSqlScriptExecutor       : DB: 'VALUES function' is deprecated and will be removed in a future release. Please use an alias (INSERT INTO ... VALUES (...) AS alias) and replace VALUES(col) in the ON DUPLICATE KEY UPDATE clause with alias.col instead (SQL State: HY000 - Error Code: 1287)
2026-07-25T13:39:52.500Z  WARN 1152 --- [teacher-cert-platform] [           main] o.f.c.i.s.DefaultSqlScriptExecutor       : DB: 'VALUES function' is deprecated and will be removed in a future release. Please use an alias (INSERT INTO ... VALUES (...) AS alias) and replace VALUES(col) in the ON DUPLICATE KEY UPDATE clause with alias.col instead (SQL State: HY000 - Error Code: 1287)
2026-07-25T13:39:52.501Z  WARN 1152 --- [teacher-cert-platform] [           main] o.f.c.i.s.DefaultSqlScriptExecutor       : DB: 'VALUES function' is deprecated and will be removed in a future release. Please use an alias (INSERT INTO ... VALUES (...) AS alias) and replace VALUES(col) in the ON DUPLICATE KEY UPDATE clause with alias.col instead (SQL State: HY000 - Error Code: 1287)
2026-07-25T13:39:52.501Z  WARN 1152 --- [teacher-cert-platform] [           main] o.f.c.i.s.DefaultSqlScriptExecutor       : DB: 'VALUES function' is deprecated and will be removed in a future release. Please use an alias (INSERT INTO ... VALUES (...) AS alias) and replace VALUES(col) in the ON DUPLICATE KEY UPDATE clause with alias.col instead (SQL State: HY000 - Error Code: 1287)
2026-07-25T13:39:52.501Z  WARN 1152 --- [teacher-cert-platform] [           main] o.f.c.i.s.DefaultSqlScriptExecutor       : DB: 'VALUES function' is deprecated and will be removed in a future release. Please use an alias (INSERT INTO ... VALUES (...) AS alias) and replace VALUES(col) in the ON DUPLICATE KEY UPDATE clause with alias.col instead (SQL State: HY000 - Error Code: 1287)
2026-07-25T13:39:52.524Z  INFO 1152 --- [teacher-cert-platform] [           main] o.f.core.internal.command.DbMigrate      : Migrating schema `teacher_cert_p41_source_4889649d15f340aab3204587af9c67cf` to version "16 - certificate student view"
2026-07-25T13:39:52.526Z  WARN 1152 --- [teacher-cert-platform] [           main] o.f.c.i.s.DefaultSqlScriptExecutor       : DB: 'VALUES function' is deprecated and will be removed in a future release. Please use an alias (INSERT INTO ... VALUES (...) AS alias) and replace VALUES(col) in the ON DUPLICATE KEY UPDATE clause with alias.col instead (SQL State: HY000 - Error Code: 1287)
2026-07-25T13:39:52.526Z  WARN 1152 --- [teacher-cert-platform] [           main] o.f.c.i.s.DefaultSqlScriptExecutor       : DB: 'VALUES function' is deprecated and will be removed in a future release. Please use an alias (INSERT INTO ... VALUES (...) AS alias) and replace VALUES(col) in the ON DUPLICATE KEY UPDATE clause with alias.col instead (SQL State: HY000 - Error Code: 1287)
2026-07-25T13:39:52.526Z  WARN 1152 --- [teacher-cert-platform] [           main] o.f.c.i.s.DefaultSqlScriptExecutor       : DB: 'VALUES function' is deprecated and will be removed in a future release. Please use an alias (INSERT INTO ... VALUES (...) AS alias) and replace VALUES(col) in the ON DUPLICATE KEY UPDATE clause with alias.col instead (SQL State: HY000 - Error Code: 1287)
2026-07-25T13:39:52.551Z  INFO 1152 --- [teacher-cert-platform] [           main] o.f.core.internal.command.DbMigrate      : Migrating schema `teacher_cert_p41_source_4889649d15f340aab3204587af9c67cf` to version "17 - exchange"
2026-07-25T13:39:52.779Z  INFO 1152 --- [teacher-cert-platform] [           main] o.f.core.internal.command.DbMigrate      : Migrating schema `teacher_cert_p41_source_4889649d15f340aab3204587af9c67cf` to version "18 - notification"
2026-07-25T13:39:52.868Z  INFO 1152 --- [teacher-cert-platform] [           main] o.f.core.internal.command.DbMigrate      : Migrating schema `teacher_cert_p41_source_4889649d15f340aab3204587af9c67cf` to version "19 - system audit"
2026-07-25T13:39:52.951Z  INFO 1152 --- [teacher-cert-platform] [           main] o.f.core.internal.command.DbMigrate      : Migrating schema `teacher_cert_p41_source_4889649d15f340aab3204587af9c67cf` to version "20 - rbac regrant"
2026-07-25T13:39:52.956Z  WARN 1152 --- [teacher-cert-platform] [           main] o.f.c.i.s.DefaultSqlScriptExecutor       : DB: 'VALUES function' is deprecated and will be removed in a future release. Please use an alias (INSERT INTO ... VALUES (...) AS alias) and replace VALUES(col) in the ON DUPLICATE KEY UPDATE clause with alias.col instead (SQL State: HY000 - Error Code: 1287)
2026-07-25T13:39:52.956Z  WARN 1152 --- [teacher-cert-platform] [           main] o.f.c.i.s.DefaultSqlScriptExecutor       : DB: 'VALUES function' is deprecated and will be removed in a future release. Please use an alias (INSERT INTO ... VALUES (...) AS alias) and replace VALUES(col) in the ON DUPLICATE KEY UPDATE clause with alias.col instead (SQL State: HY000 - Error Code: 1287)
2026-07-25T13:39:52.956Z  WARN 1152 --- [teacher-cert-platform] [           main] o.f.c.i.s.DefaultSqlScriptExecutor       : DB: 'VALUES function' is deprecated and will be removed in a future release. Please use an alias (INSERT INTO ... VALUES (...) AS alias) and replace VALUES(col) in the ON DUPLICATE KEY UPDATE clause with alias.col instead (SQL State: HY000 - Error Code: 1287)
2026-07-25T13:39:52.956Z  WARN 1152 --- [teacher-cert-platform] [           main] o.f.c.i.s.DefaultSqlScriptExecutor       : DB: 'VALUES function' is deprecated and will be removed in a future release. Please use an alias (INSERT INTO ... VALUES (...) AS alias) and replace VALUES(col) in the ON DUPLICATE KEY UPDATE clause with alias.col instead (SQL State: HY000 - Error Code: 1287)
2026-07-25T13:39:52.959Z  WARN 1152 --- [teacher-cert-platform] [           main] o.f.c.i.s.DefaultSqlScriptExecutor       : DB: 'VALUES function' is deprecated and will be removed in a future release. Please use an alias (INSERT INTO ... VALUES (...) AS alias) and replace VALUES(col) in the ON DUPLICATE KEY UPDATE clause with alias.col instead (SQL State: HY000 - Error Code: 1287)
2026-07-25T13:39:52.959Z  WARN 1152 --- [teacher-cert-platform] [           main] o.f.c.i.s.DefaultSqlScriptExecutor       : DB: 'VALUES function' is deprecated and will be removed in a future release. Please use an alias (INSERT INTO ... VALUES (...) AS alias) and replace VALUES(col) in the ON DUPLICATE KEY UPDATE clause with alias.col instead (SQL State: HY000 - Error Code: 1287)
2026-07-25T13:39:52.959Z  WARN 1152 --- [teacher-cert-platform] [           main] o.f.c.i.s.DefaultSqlScriptExecutor       : DB: 'VALUES function' is deprecated and will be removed in a future release. Please use an alias (INSERT INTO ... VALUES (...) AS alias) and replace VALUES(col) in the ON DUPLICATE KEY UPDATE clause with alias.col instead (SQL State: HY000 - Error Code: 1287)
2026-07-25T13:39:52.959Z  WARN 1152 --- [teacher-cert-platform] [           main] o.f.c.i.s.DefaultSqlScriptExecutor       : DB: 'VALUES function' is deprecated and will be removed in a future release. Please use an alias (INSERT INTO ... VALUES (...) AS alias) and replace VALUES(col) in the ON DUPLICATE KEY UPDATE clause with alias.col instead (SQL State: HY000 - Error Code: 1287)
2026-07-25T13:39:52.960Z  WARN 1152 --- [teacher-cert-platform] [           main] o.f.c.i.s.DefaultSqlScriptExecutor       : DB: 'VALUES function' is deprecated and will be removed in a future release. Please use an alias (INSERT INTO ... VALUES (...) AS alias) and replace VALUES(col) in the ON DUPLICATE KEY UPDATE clause with alias.col instead (SQL State: HY000 - Error Code: 1287)
2026-07-25T13:39:52.960Z  WARN 1152 --- [teacher-cert-platform] [           main] o.f.c.i.s.DefaultSqlScriptExecutor       : DB: 'VALUES function' is deprecated and will be removed in a future release. Please use an alias (INSERT INTO ... VALUES (...) AS alias) and replace VALUES(col) in the ON DUPLICATE KEY UPDATE clause with alias.col instead (SQL State: HY000 - Error Code: 1287)
2026-07-25T13:39:52.962Z  WARN 1152 --- [teacher-cert-platform] [           main] o.f.c.i.s.DefaultSqlScriptExecutor       : DB: 'VALUES function' is deprecated and will be removed in a future release. Please use an alias (INSERT INTO ... VALUES (...) AS alias) and replace VALUES(col) in the ON DUPLICATE KEY UPDATE clause with alias.col instead (SQL State: HY000 - Error Code: 1287)
2026-07-25T13:39:52.962Z  WARN 1152 --- [teacher-cert-platform] [           main] o.f.c.i.s.DefaultSqlScriptExecutor       : DB: 'VALUES function' is deprecated and will be removed in a future release. Please use an alias (INSERT INTO ... VALUES (...) AS alias) and replace VALUES(col) in the ON DUPLICATE KEY UPDATE clause with alias.col instead (SQL State: HY000 - Error Code: 1287)
2026-07-25T13:39:52.988Z  INFO 1152 --- [teacher-cert-platform] [           main] o.f.core.internal.command.DbMigrate      : Migrating schema `teacher_cert_p41_source_4889649d15f340aab3204587af9c67cf` to version "21 - test confirm only"
2026-07-25T13:39:52.991Z  WARN 1152 --- [teacher-cert-platform] [           main] o.f.c.i.s.DefaultSqlScriptExecutor       : DB: 'VALUES function' is deprecated and will be removed in a future release. Please use an alias (INSERT INTO ... VALUES (...) AS alias) and replace VALUES(col) in the ON DUPLICATE KEY UPDATE clause with alias.col instead (SQL State: HY000 - Error Code: 1287)
2026-07-25T13:39:52.991Z  WARN 1152 --- [teacher-cert-platform] [           main] o.f.c.i.s.DefaultSqlScriptExecutor       : DB: 'VALUES function' is deprecated and will be removed in a future release. Please use an alias (INSERT INTO ... VALUES (...) AS alias) and replace VALUES(col) in the ON DUPLICATE KEY UPDATE clause with alias.col instead (SQL State: HY000 - Error Code: 1287)
2026-07-25T13:39:52.991Z  WARN 1152 --- [teacher-cert-platform] [           main] o.f.c.i.s.DefaultSqlScriptExecutor       : DB: 'VALUES function' is deprecated and will be removed in a future release. Please use an alias (INSERT INTO ... VALUES (...) AS alias) and replace VALUES(col) in the ON DUPLICATE KEY UPDATE clause with alias.col instead (SQL State: HY000 - Error Code: 1287)
2026-07-25T13:39:52.991Z  WARN 1152 --- [teacher-cert-platform] [           main] o.f.c.i.s.DefaultSqlScriptExecutor       : DB: 'VALUES function' is deprecated and will be removed in a future release. Please use an alias (INSERT INTO ... VALUES (...) AS alias) and replace VALUES(col) in the ON DUPLICATE KEY UPDATE clause with alias.col instead (SQL State: HY000 - Error Code: 1287)
2026-07-25T13:39:53.014Z  INFO 1152 --- [teacher-cert-platform] [           main] o.f.core.internal.command.DbMigrate      : Migrating schema `teacher_cert_p41_source_4889649d15f340aab3204587af9c67cf` to version "22 - reviewer group"
2026-07-25T13:39:53.171Z  INFO 1152 --- [teacher-cert-platform] [           main] o.f.core.internal.command.DbMigrate      : Migrating schema `teacher_cert_p41_source_4889649d15f340aab3204587af9c67cf` to version "23 - field acceptance"
2026-07-25T13:39:53.198Z  INFO 1152 --- [teacher-cert-platform] [           main] o.f.core.internal.command.DbMigrate      : Migrating schema `teacher_cert_p41_source_4889649d15f340aab3204587af9c67cf` to version "24 - unique active cert and student idcard"
2026-07-25T13:39:53.602Z  INFO 1152 --- [teacher-cert-platform] [           main] o.f.core.internal.command.DbMigrate      : Migrating schema `teacher_cert_p41_source_4889649d15f340aab3204587af9c67cf` to version "25 - backup record artifact"
2026-07-25T13:39:53.725Z  INFO 1152 --- [teacher-cert-platform] [           main] o.f.core.internal.command.DbMigrate      : Migrating schema `teacher_cert_p41_source_4889649d15f340aab3204587af9c67cf` to version "26 - remove test seed from prod"
2026-07-25T13:39:53.751Z  INFO 1152 --- [teacher-cert-platform] [           main] o.f.core.internal.command.DbMigrate      : Migrating schema `teacher_cert_p41_source_4889649d15f340aab3204587af9c67cf` to version "27 - ws02 credential hardening defaults"
2026-07-25T13:39:53.772Z  INFO 1152 --- [teacher-cert-platform] [           main] o.f.core.internal.command.DbMigrate      : Migrating schema `teacher_cert_p41_source_4889649d15f340aab3204587af9c67cf` to version "28 - minio presigned multipart"
2026-07-25T13:39:54.400Z  INFO 1152 --- [teacher-cert-platform] [           main] o.f.core.internal.command.DbMigrate      : Migrating schema `teacher_cert_p41_source_4889649d15f340aab3204587af9c67cf` to version "29 - trusted video media validation"
2026-07-25T13:39:55.143Z  WARN 1152 --- [teacher-cert-platform] [           main] o.f.c.i.s.DefaultSqlScriptExecutor       : DB: 'VALUES function' is deprecated and will be removed in a future release. Please use an alias (INSERT INTO ... VALUES (...) AS alias) and replace VALUES(col) in the ON DUPLICATE KEY UPDATE clause with alias.col instead (SQL State: HY000 - Error Code: 1287)
2026-07-25T13:39:55.143Z  WARN 1152 --- [teacher-cert-platform] [           main] o.f.c.i.s.DefaultSqlScriptExecutor       : DB: 'VALUES function' is deprecated and will be removed in a future release. Please use an alias (INSERT INTO ... VALUES (...) AS alias) and replace VALUES(col) in the ON DUPLICATE KEY UPDATE clause with alias.col instead (SQL State: HY000 - Error Code: 1287)
2026-07-25T13:39:55.144Z  WARN 1152 --- [teacher-cert-platform] [           main] o.f.c.i.s.DefaultSqlScriptExecutor       : DB: 'VALUES function' is deprecated and will be removed in a future release. Please use an alias (INSERT INTO ... VALUES (...) AS alias) and replace VALUES(col) in the ON DUPLICATE KEY UPDATE clause with alias.col instead (SQL State: HY000 - Error Code: 1287)
2026-07-25T13:39:55.144Z  WARN 1152 --- [teacher-cert-platform] [           main] o.f.c.i.s.DefaultSqlScriptExecutor       : DB: 'VALUES function' is deprecated and will be removed in a future release. Please use an alias (INSERT INTO ... VALUES (...) AS alias) and replace VALUES(col) in the ON DUPLICATE KEY UPDATE clause with alias.col instead (SQL State: HY000 - Error Code: 1287)
2026-07-25T13:39:55.144Z  WARN 1152 --- [teacher-cert-platform] [           main] o.f.c.i.s.DefaultSqlScriptExecutor       : DB: 'VALUES function' is deprecated and will be removed in a future release. Please use an alias (INSERT INTO ... VALUES (...) AS alias) and replace VALUES(col) in the ON DUPLICATE KEY UPDATE clause with alias.col instead (SQL State: HY000 - Error Code: 1287)
2026-07-25T13:39:55.164Z  INFO 1152 --- [teacher-cert-platform] [           main] o.f.core.internal.command.DbMigrate      : Migrating schema `teacher_cert_p41_source_4889649d15f340aab3204587af9c67cf` to version "30 - video finalization fencing"
2026-07-25T13:39:55.316Z  INFO 1152 --- [teacher-cert-platform] [           main] o.f.core.internal.command.DbMigrate      : Migrating schema `teacher_cert_p41_source_4889649d15f340aab3204587af9c67cf` to version "31 - video finalization high water"
2026-07-25T13:39:55.472Z  INFO 1152 --- [teacher-cert-platform] [           main] o.f.core.internal.command.DbMigrate      : Migrating schema `teacher_cert_p41_source_4889649d15f340aab3204587af9c67cf` to version "32 - video finalization object reconciliation"
2026-07-25T13:39:55.564Z  WARN 1152 --- [teacher-cert-platform] [           main] o.f.c.i.s.DefaultSqlScriptExecutor       : DB: 'VALUES function' is deprecated and will be removed in a future release. Please use an alias (INSERT INTO ... VALUES (...) AS alias) and replace VALUES(col) in the ON DUPLICATE KEY UPDATE clause with alias.col instead (SQL State: HY000 - Error Code: 1287)
2026-07-25T13:39:55.565Z  WARN 1152 --- [teacher-cert-platform] [           main] o.f.c.i.s.DefaultSqlScriptExecutor       : DB: 'VALUES function' is deprecated and will be removed in a future release. Please use an alias (INSERT INTO ... VALUES (...) AS alias) and replace VALUES(col) in the ON DUPLICATE KEY UPDATE clause with alias.col instead (SQL State: HY000 - Error Code: 1287)
2026-07-25T13:39:55.565Z  WARN 1152 --- [teacher-cert-platform] [           main] o.f.c.i.s.DefaultSqlScriptExecutor       : DB: 'VALUES function' is deprecated and will be removed in a future release. Please use an alias (INSERT INTO ... VALUES (...) AS alias) and replace VALUES(col) in the ON DUPLICATE KEY UPDATE clause with alias.col instead (SQL State: HY000 - Error Code: 1287)
2026-07-25T13:39:55.565Z  WARN 1152 --- [teacher-cert-platform] [           main] o.f.c.i.s.DefaultSqlScriptExecutor       : DB: 'VALUES function' is deprecated and will be removed in a future release. Please use an alias (INSERT INTO ... VALUES (...) AS alias) and replace VALUES(col) in the ON DUPLICATE KEY UPDATE clause with alias.col instead (SQL State: HY000 - Error Code: 1287)
2026-07-25T13:39:55.565Z  WARN 1152 --- [teacher-cert-platform] [           main] o.f.c.i.s.DefaultSqlScriptExecutor       : DB: 'VALUES function' is deprecated and will be removed in a future release. Please use an alias (INSERT INTO ... VALUES (...) AS alias) and replace VALUES(col) in the ON DUPLICATE KEY UPDATE clause with alias.col instead (SQL State: HY000 - Error Code: 1287)
2026-07-25T13:39:55.589Z  INFO 1152 --- [teacher-cert-platform] [           main] o.f.core.internal.command.DbMigrate      : Successfully applied 32 migrations to schema `teacher_cert_p41_source_4889649d15f340aab3204587af9c67cf`, now at version v32 (execution time 00:04.896s)
2026-07-25T13:39:57.938Z  INFO 1152 --- [teacher-cert-platform] [           main] c.e.g.p.f.config.MinioBucketInitializer  : MinIO bucket ???: teacher-cert-p41-gate0725
2026-07-25T13:39:58.127Z  INFO 1152 --- [teacher-cert-platform] [           main] r$InitializeUserDetailsManagerConfigurer : Global AuthenticationManager configured with UserDetailsService bean with name userDetailsService
2026-07-25T13:39:58.697Z  INFO 1152 --- [teacher-cert-platform] [           main] m.e.s.MybatisPlusApplicationContextAware : Register ApplicationContext instances org.springframework.boot.web.servlet.context.AnnotationConfigServletWebServerApplicationContext@e84fb85
2026-07-25T13:39:59.046Z  INFO 1152 --- [teacher-cert-platform] [           main] o.s.b.w.embedded.tomcat.TomcatWebServer  : Tomcat started on port 37009 (http) with context path '/'
2026-07-25T13:39:59.054Z  INFO 1152 --- [teacher-cert-platform] [           main] c.e.gpnu.platform.boot.Phase41BackupIT   : Started Phase41BackupIT in 13.224 seconds (process running for 16.432)
2026-07-25T13:39:59.057Z  WARN 1152 --- [teacher-cert-platform] [           main] o.s.core.events.SpringDocAppInitializer  : SpringDoc /v3/api-docs endpoint is enabled by default. To disable it in production, set the property 'springdoc.api-docs.enabled=false'
2026-07-25T13:39:59.057Z  WARN 1152 --- [teacher-cert-platform] [           main] o.s.core.events.SpringDocAppInitializer  : SpringDoc /swagger-ui.html endpoint is enabled by default. To disable it in production, set the property 'springdoc.swagger-ui.enabled=false'
OpenJDK 64-Bit Server VM warning: Sharing is only supported for boot loader classes because bootstrap classpath has been appended
2026-07-25T13:40:01.601Z  INFO 1152 --- [teacher-cert-platform] [           main] c.e.g.p.s.s.impl.DatabaseBackupService   : ???? id=2081011590638706690 key=db-backup/phase41-cli/20260725T133853Z-750_4/teacher_cert_20260725_134001_2081011590638706690.sql.gz size=39797 tables=37 rows=586
2026-07-25T13:40:02.032Z  INFO 1152 --- [teacher-cert-platform] [           main] org.flywaydb.core.FlywayExecutor         : Database: jdbc:mysql://127.0.0.1:3306/teacher_cert_p41_restore_4889649d15f340aab3204587af9c67cf?useUnicode=true&characterEncoding=utf8&serverTimezone=Asia/Shanghai&useSSL=false (MySQL 8.4)
2026-07-25T13:40:02.034Z  WARN 1152 --- [teacher-cert-platform] [           main] o.f.c.internal.database.base.Database    : Flyway upgrade recommended: MySQL 8.4 is newer than this version of Flyway and support has not been tested. The latest supported version of MySQL is 8.1.
2026-07-25T13:40:02.042Z  INFO 1152 --- [teacher-cert-platform] [           main] o.f.c.i.s.JdbcTableSchemaHistory         : Schema history table `teacher_cert_p41_restore_4889649d15f340aab3204587af9c67cf`.`flyway_schema_history` does not exist yet
2026-07-25T13:40:02.043Z  INFO 1152 --- [teacher-cert-platform] [           main] o.f.core.internal.command.DbValidate     : Successfully validated 32 migrations (execution time 00:00.007s)
2026-07-25T13:40:02.048Z  INFO 1152 --- [teacher-cert-platform] [           main] o.f.c.i.s.JdbcTableSchemaHistory         : Creating Schema History table `teacher_cert_p41_restore_4889649d15f340aab3204587af9c67cf`.`flyway_schema_history` ...
2026-07-25T13:40:02.118Z  INFO 1152 --- [teacher-cert-platform] [           main] o.f.core.internal.command.DbMigrate      : Current version of schema `teacher_cert_p41_restore_4889649d15f340aab3204587af9c67cf`: << Empty Schema >>
2026-07-25T13:40:02.120Z  INFO 1152 --- [teacher-cert-platform] [           main] o.f.core.internal.command.DbMigrate      : Migrating schema `teacher_cert_p41_restore_4889649d15f340aab3204587af9c67cf` to version "1 - base"
2026-07-25T13:40:02.305Z  INFO 1152 --- [teacher-cert-platform] [           main] o.f.core.internal.command.DbMigrate      : Migrating schema `teacher_cert_p41_restore_4889649d15f340aab3204587af9c67cf` to version "2 - dict"
2026-07-25T13:40:02.857Z  INFO 1152 --- [teacher-cert-platform] [           main] o.f.core.internal.command.DbMigrate      : Migrating schema `teacher_cert_p41_restore_4889649d15f340aab3204587af9c67cf` to version "3 - dict seed"
2026-07-25T13:40:02.858Z  WARN 1152 --- [teacher-cert-platform] [           main] o.f.c.i.s.DefaultSqlScriptExecutor       : DB: 'VALUES function' is deprecated and will be removed in a future release. Please use an alias (INSERT INTO ... VALUES (...) AS alias) and replace VALUES(col) in the ON DUPLICATE KEY UPDATE clause with alias.col instead (SQL State: HY000 - Error Code: 1287)
2026-07-25T13:40:02.858Z  WARN 1152 --- [teacher-cert-platform] [           main] o.f.c.i.s.DefaultSqlScriptExecutor       : DB: 'VALUES function' is deprecated and will be removed in a future release. Please use an alias (INSERT INTO ... VALUES (...) AS alias) and replace VALUES(col) in the ON DUPLICATE KEY UPDATE clause with alias.col instead (SQL State: HY000 - Error Code: 1287)
2026-07-25T13:40:02.858Z  WARN 1152 --- [teacher-cert-platform] [           main] o.f.c.i.s.DefaultSqlScriptExecutor       : DB: 'VALUES function' is deprecated and will be removed in a future release. Please use an alias (INSERT INTO ... VALUES (...) AS alias) and replace VALUES(col) in the ON DUPLICATE KEY UPDATE clause with alias.col instead (SQL State: HY000 - Error Code: 1287)
2026-07-25T13:40:02.858Z  WARN 1152 --- [teacher-cert-platform] [           main] o.f.c.i.s.DefaultSqlScriptExecutor       : DB: 'VALUES function' is deprecated and will be removed in a future release. Please use an alias (INSERT INTO ... VALUES (...) AS alias) and replace VALUES(col) in the ON DUPLICATE KEY UPDATE clause with alias.col instead (SQL State: HY000 - Error Code: 1287)
2026-07-25T13:40:02.860Z  WARN 1152 --- [teacher-cert-platform] [           main] o.f.c.i.s.DefaultSqlScriptExecutor       : DB: 'VALUES function' is deprecated and will be removed in a future release. Please use an alias (INSERT INTO ... VALUES (...) AS alias) and replace VALUES(col) in the ON DUPLICATE KEY UPDATE clause with alias.col instead (SQL State: HY000 - Error Code: 1287)
2026-07-25T13:40:02.860Z  WARN 1152 --- [teacher-cert-platform] [           main] o.f.c.i.s.DefaultSqlScriptExecutor       : DB: 'VALUES function' is deprecated and will be removed in a future release. Please use an alias (INSERT INTO ... VALUES (...) AS alias) and replace VALUES(col) in the ON DUPLICATE KEY UPDATE clause with alias.col instead (SQL State: HY000 - Error Code: 1287)
2026-07-25T13:40:02.860Z  WARN 1152 --- [teacher-cert-platform] [           main] o.f.c.i.s.DefaultSqlScriptExecutor       : DB: 'VALUES function' is deprecated and will be removed in a future release. Please use an alias (INSERT INTO ... VALUES (...) AS alias) and replace VALUES(col) in the ON DUPLICATE KEY UPDATE clause with alias.col instead (SQL State: HY000 - Error Code: 1287)
2026-07-25T13:40:02.860Z  WARN 1152 --- [teacher-cert-platform] [           main] o.f.c.i.s.DefaultSqlScriptExecutor       : DB: 'VALUES function' is deprecated and will be removed in a future release. Please use an alias (INSERT INTO ... VALUES (...) AS alias) and replace VALUES(col) in the ON DUPLICATE KEY UPDATE clause with alias.col instead (SQL State: HY000 - Error Code: 1287)
2026-07-25T13:40:02.860Z  WARN 1152 --- [teacher-cert-platform] [           main] o.f.c.i.s.DefaultSqlScriptExecutor       : DB: 'VALUES function' is deprecated and will be removed in a future release. Please use an alias (INSERT INTO ... VALUES (...) AS alias) and replace VALUES(col) in the ON DUPLICATE KEY UPDATE clause with alias.col instead (SQL State: HY000 - Error Code: 1287)
2026-07-25T13:40:02.875Z  INFO 1152 --- [teacher-cert-platform] [           main] o.f.core.internal.command.DbMigrate      : Migrating schema `teacher_cert_p41_restore_4889649d15f340aab3204587af9c67cf` to version "4 - region seed"
2026-07-25T13:40:02.878Z  WARN 1152 --- [teacher-cert-platform] [           main] o.f.c.i.s.DefaultSqlScriptExecutor       : DB: 'VALUES function' is deprecated and will be removed in a future release. Please use an alias (INSERT INTO ... VALUES (...) AS alias) and replace VALUES(col) in the ON DUPLICATE KEY UPDATE clause with alias.col instead (SQL State: HY000 - Error Code: 1287)
2026-07-25T13:40:02.878Z  WARN 1152 --- [teacher-cert-platform] [           main] o.f.c.i.s.DefaultSqlScriptExecutor       : DB: 'VALUES function' is deprecated and will be removed in a future release. Please use an alias (INSERT INTO ... VALUES (...) AS alias) and replace VALUES(col) in the ON DUPLICATE KEY UPDATE clause with alias.col instead (SQL State: HY000 - Error Code: 1287)
2026-07-25T13:40:02.878Z  WARN 1152 --- [teacher-cert-platform] [           main] o.f.c.i.s.DefaultSqlScriptExecutor       : DB: 'VALUES function' is deprecated and will be removed in a future release. Please use an alias (INSERT INTO ... VALUES (...) AS alias) and replace VALUES(col) in the ON DUPLICATE KEY UPDATE clause with alias.col instead (SQL State: HY000 - Error Code: 1287)
2026-07-25T13:40:02.878Z  WARN 1152 --- [teacher-cert-platform] [           main] o.f.c.i.s.DefaultSqlScriptExecutor       : DB: 'VALUES function' is deprecated and will be removed in a future release. Please use an alias (INSERT INTO ... VALUES (...) AS alias) and replace VALUES(col) in the ON DUPLICATE KEY UPDATE clause with alias.col instead (SQL State: HY000 - Error Code: 1287)
2026-07-25T13:40:02.878Z  WARN 1152 --- [teacher-cert-platform] [           main] o.f.c.i.s.DefaultSqlScriptExecutor       : DB: 'VALUES function' is deprecated and will be removed in a future release. Please use an alias (INSERT INTO ... VALUES (...) AS alias) and replace VALUES(col) in the ON DUPLICATE KEY UPDATE clause with alias.col instead (SQL State: HY000 - Error Code: 1287)
2026-07-25T13:40:02.892Z  INFO 1152 --- [teacher-cert-platform] [           main] o.f.core.internal.command.DbMigrate      : Migrating schema `teacher_cert_p41_restore_4889649d15f340aab3204587af9c67cf` to version "5 - subject seed"
2026-07-25T13:40:02.894Z  WARN 1152 --- [teacher-cert-platform] [           main] o.f.c.i.s.DefaultSqlScriptExecutor       : DB: 'VALUES function' is deprecated and will be removed in a future release. Please use an alias (INSERT INTO ... VALUES (...) AS alias) and replace VALUES(col) in the ON DUPLICATE KEY UPDATE clause with alias.col instead (SQL State: HY000 - Error Code: 1287)
2026-07-25T13:40:02.895Z  WARN 1152 --- [teacher-cert-platform] [           main] o.f.c.i.s.DefaultSqlScriptExecutor       : DB: 'VALUES function' is deprecated and will be removed in a future release. Please use an alias (INSERT INTO ... VALUES (...) AS alias) and replace VALUES(col) in the ON DUPLICATE KEY UPDATE clause with alias.col instead (SQL State: HY000 - Error Code: 1287)
2026-07-25T13:40:02.895Z  WARN 1152 --- [teacher-cert-platform] [           main] o.f.c.i.s.DefaultSqlScriptExecutor       : DB: 'VALUES function' is deprecated and will be removed in a future release. Please use an alias (INSERT INTO ... VALUES (...) AS alias) and replace VALUES(col) in the ON DUPLICATE KEY UPDATE clause with alias.col instead (SQL State: HY000 - Error Code: 1287)
2026-07-25T13:40:02.895Z  WARN 1152 --- [teacher-cert-platform] [           main] o.f.c.i.s.DefaultSqlScriptExecutor       : DB: 'VALUES function' is deprecated and will be removed in a future release. Please use an alias (INSERT INTO ... VALUES (...) AS alias) and replace VALUES(col) in the ON DUPLICATE KEY UPDATE clause with alias.col instead (SQL State: HY000 - Error Code: 1287)
2026-07-25T13:40:02.895Z  WARN 1152 --- [teacher-cert-platform] [           main] o.f.c.i.s.DefaultSqlScriptExecutor       : DB: 'VALUES function' is deprecated and will be removed in a future release. Please use an alias (INSERT INTO ... VALUES (...) AS alias) and replace VALUES(col) in the ON DUPLICATE KEY UPDATE clause with alias.col instead (SQL State: HY000 - Error Code: 1287)
2026-07-25T13:40:02.895Z  WARN 1152 --- [teacher-cert-platform] [           main] o.f.c.i.s.DefaultSqlScriptExecutor       : DB: 'VALUES function' is deprecated and will be removed in a future release. Please use an alias (INSERT INTO ... VALUES (...) AS alias) and replace VALUES(col) in the ON DUPLICATE KEY UPDATE clause with alias.col instead (SQL State: HY000 - Error Code: 1287)
2026-07-25T13:40:02.909Z  INFO 1152 --- [teacher-cert-platform] [           main] o.f.core.internal.command.DbMigrate      : Migrating schema `teacher_cert_p41_restore_4889649d15f340aab3204587af9c67cf` to version "6 - confirmed params"
2026-07-25T13:40:02.921Z  INFO 1152 --- [teacher-cert-platform] [           main] o.f.core.internal.command.DbMigrate      : Migrating schema `teacher_cert_p41_restore_4889649d15f340aab3204587af9c67cf` to version "7 - rbac"
2026-07-25T13:40:03.390Z  INFO 1152 --- [teacher-cert-platform] [           main] o.f.core.internal.command.DbMigrate      : Migrating schema `teacher_cert_p41_restore_4889649d15f340aab3204587af9c67cf` to version "8 - rbac seed"
2026-07-25T13:40:03.393Z  WARN 1152 --- [teacher-cert-platform] [           main] o.f.c.i.s.DefaultSqlScriptExecutor       : DB: 'VALUES function' is deprecated and will be removed in a future release. Please use an alias (INSERT INTO ... VALUES (...) AS alias) and replace VALUES(col) in the ON DUPLICATE KEY UPDATE clause with alias.col instead (SQL State: HY000 - Error Code: 1287)
2026-07-25T13:40:03.393Z  WARN 1152 --- [teacher-cert-platform] [           main] o.f.c.i.s.DefaultSqlScriptExecutor       : DB: 'VALUES function' is deprecated and will be removed in a future release. Please use an alias (INSERT INTO ... VALUES (...) AS alias) and replace VALUES(col) in the ON DUPLICATE KEY UPDATE clause with alias.col instead (SQL State: HY000 - Error Code: 1287)
2026-07-25T13:40:03.393Z  WARN 1152 --- [teacher-cert-platform] [           main] o.f.c.i.s.DefaultSqlScriptExecutor       : DB: 'VALUES function' is deprecated and will be removed in a future release. Please use an alias (INSERT INTO ... VALUES (...) AS alias) and replace VALUES(col) in the ON DUPLICATE KEY UPDATE clause with alias.col instead (SQL State: HY000 - Error Code: 1287)
2026-07-25T13:40:03.393Z  WARN 1152 --- [teacher-cert-platform] [           main] o.f.c.i.s.DefaultSqlScriptExecutor       : DB: 'VALUES function' is deprecated and will be removed in a future release. Please use an alias (INSERT INTO ... VALUES (...) AS alias) and replace VALUES(col) in the ON DUPLICATE KEY UPDATE clause with alias.col instead (SQL State: HY000 - Error Code: 1287)
2026-07-25T13:40:03.393Z  WARN 1152 --- [teacher-cert-platform] [           main] o.f.c.i.s.DefaultSqlScriptExecutor       : DB: 'VALUES function' is deprecated and will be removed in a future release. Please use an alias (INSERT INTO ... VALUES (...) AS alias) and replace VALUES(col) in the ON DUPLICATE KEY UPDATE clause with alias.col instead (SQL State: HY000 - Error Code: 1287)
2026-07-25T13:40:03.397Z  WARN 1152 --- [teacher-cert-platform] [           main] o.f.c.i.s.DefaultSqlScriptExecutor       : DB: 'VALUES function' is deprecated and will be removed in a future release. Please use an alias (INSERT INTO ... VALUES (...) AS alias) and replace VALUES(col) in the ON DUPLICATE KEY UPDATE clause with alias.col instead (SQL State: HY000 - Error Code: 1287)
2026-07-25T13:40:03.397Z  WARN 1152 --- [teacher-cert-platform] [           main] o.f.c.i.s.DefaultSqlScriptExecutor       : DB: 'VALUES function' is deprecated and will be removed in a future release. Please use an alias (INSERT INTO ... VALUES (...) AS alias) and replace VALUES(col) in the ON DUPLICATE KEY UPDATE clause with alias.col instead (SQL State: HY000 - Error Code: 1287)
2026-07-25T13:40:03.397Z  WARN 1152 --- [teacher-cert-platform] [           main] o.f.c.i.s.DefaultSqlScriptExecutor       : DB: 'VALUES function' is deprecated and will be removed in a future release. Please use an alias (INSERT INTO ... VALUES (...) AS alias) and replace VALUES(col) in the ON DUPLICATE KEY UPDATE clause with alias.col instead (SQL State: HY000 - Error Code: 1287)
2026-07-25T13:40:03.399Z  WARN 1152 --- [teacher-cert-platform] [           main] o.f.c.i.s.DefaultSqlScriptExecutor       : DB: 'VALUES function' is deprecated and will be removed in a future release. Please use an alias (INSERT INTO ... VALUES (...) AS alias) and replace VALUES(col) in the ON DUPLICATE KEY UPDATE clause with alias.col instead (SQL State: HY000 - Error Code: 1287)
2026-07-25T13:40:03.399Z  WARN 1152 --- [teacher-cert-platform] [           main] o.f.c.i.s.DefaultSqlScriptExecutor       : DB: 'VALUES function' is deprecated and will be removed in a future release. Please use an alias (INSERT INTO ... VALUES (...) AS alias) and replace VALUES(col) in the ON DUPLICATE KEY UPDATE clause with alias.col instead (SQL State: HY000 - Error Code: 1287)
2026-07-25T13:40:03.399Z  WARN 1152 --- [teacher-cert-platform] [           main] o.f.c.i.s.DefaultSqlScriptExecutor       : DB: 'VALUES function' is deprecated and will be removed in a future release. Please use an alias (INSERT INTO ... VALUES (...) AS alias) and replace VALUES(col) in the ON DUPLICATE KEY UPDATE clause with alias.col instead (SQL State: HY000 - Error Code: 1287)
2026-07-25T13:40:03.399Z  WARN 1152 --- [teacher-cert-platform] [           main] o.f.c.i.s.DefaultSqlScriptExecutor       : DB: 'VALUES function' is deprecated and will be removed in a future release. Please use an alias (INSERT INTO ... VALUES (...) AS alias) and replace VALUES(col) in the ON DUPLICATE KEY UPDATE clause with alias.col instead (SQL State: HY000 - Error Code: 1287)
2026-07-25T13:40:03.401Z  WARN 1152 --- [teacher-cert-platform] [           main] o.f.c.i.s.DefaultSqlScriptExecutor       : DB: 'VALUES function' is deprecated and will be removed in a future release. Please use an alias (INSERT INTO ... VALUES (...) AS alias) and replace VALUES(col) in the ON DUPLICATE KEY UPDATE clause with alias.col instead (SQL State: HY000 - Error Code: 1287)
2026-07-25T13:40:03.401Z  WARN 1152 --- [teacher-cert-platform] [           main] o.f.c.i.s.DefaultSqlScriptExecutor       : DB: 'VALUES function' is deprecated and will be removed in a future release. Please use an alias (INSERT INTO ... VALUES (...) AS alias) and replace VALUES(col) in the ON DUPLICATE KEY UPDATE clause with alias.col instead (SQL State: HY000 - Error Code: 1287)
2026-07-25T13:40:03.401Z  WARN 1152 --- [teacher-cert-platform] [           main] o.f.c.i.s.DefaultSqlScriptExecutor       : DB: 'VALUES function' is deprecated and will be removed in a future release. Please use an alias (INSERT INTO ... VALUES (...) AS alias) and replace VALUES(col) in the ON DUPLICATE KEY UPDATE clause with alias.col instead (SQL State: HY000 - Error Code: 1287)
2026-07-25T13:40:03.401Z  WARN 1152 --- [teacher-cert-platform] [           main] o.f.c.i.s.DefaultSqlScriptExecutor       : DB: 'VALUES function' is deprecated and will be removed in a future release. Please use an alias (INSERT INTO ... VALUES (...) AS alias) and replace VALUES(col) in the ON DUPLICATE KEY UPDATE clause with alias.col instead (SQL State: HY000 - Error Code: 1287)
2026-07-25T13:40:03.401Z  WARN 1152 --- [teacher-cert-platform] [           main] o.f.c.i.s.DefaultSqlScriptExecutor       : DB: 'VALUES function' is deprecated and will be removed in a future release. Please use an alias (INSERT INTO ... VALUES (...) AS alias) and replace VALUES(col) in the ON DUPLICATE KEY UPDATE clause with alias.col instead (SQL State: HY000 - Error Code: 1287)
2026-07-25T13:40:03.401Z  WARN 1152 --- [teacher-cert-platform] [           main] o.f.c.i.s.DefaultSqlScriptExecutor       : DB: 'VALUES function' is deprecated and will be removed in a future release. Please use an alias (INSERT INTO ... VALUES (...) AS alias) and replace VALUES(col) in the ON DUPLICATE KEY UPDATE clause with alias.col instead (SQL State: HY000 - Error Code: 1287)
2026-07-25T13:40:03.406Z  WARN 1152 --- [teacher-cert-platform] [           main] o.f.c.i.s.DefaultSqlScriptExecutor       : DB: 'VALUES function' is deprecated and will be removed in a future release. Please use an alias (INSERT INTO ... VALUES (...) AS alias) and replace VALUES(col) in the ON DUPLICATE KEY UPDATE clause with alias.col instead (SQL State: HY000 - Error Code: 1287)
2026-07-25T13:40:03.406Z  WARN 1152 --- [teacher-cert-platform] [           main] o.f.c.i.s.DefaultSqlScriptExecutor       : DB: 'VALUES function' is deprecated and will be removed in a future release. Please use an alias (INSERT INTO ... VALUES (...) AS alias) and replace VALUES(col) in the ON DUPLICATE KEY UPDATE clause with alias.col instead (SQL State: HY000 - Error Code: 1287)
2026-07-25T13:40:03.406Z  WARN 1152 --- [teacher-cert-platform] [           main] o.f.c.i.s.DefaultSqlScriptExecutor       : DB: 'VALUES function' is deprecated and will be removed in a future release. Please use an alias (INSERT INTO ... VALUES (...) AS alias) and replace VALUES(col) in the ON DUPLICATE KEY UPDATE clause with alias.col instead (SQL State: HY000 - Error Code: 1287)
2026-07-25T13:40:03.408Z  WARN 1152 --- [teacher-cert-platform] [           main] o.f.c.i.s.DefaultSqlScriptExecutor       : DB: 'VALUES function' is deprecated and will be removed in a future release. Please use an alias (INSERT INTO ... VALUES (...) AS alias) and replace VALUES(col) in the ON DUPLICATE KEY UPDATE clause with alias.col instead (SQL State: HY000 - Error Code: 1287)
2026-07-25T13:40:03.408Z  WARN 1152 --- [teacher-cert-platform] [           main] o.f.c.i.s.DefaultSqlScriptExecutor       : DB: 'VALUES function' is deprecated and will be removed in a future release. Please use an alias (INSERT INTO ... VALUES (...) AS alias) and replace VALUES(col) in the ON DUPLICATE KEY UPDATE clause with alias.col instead (SQL State: HY000 - Error Code: 1287)
2026-07-25T13:40:03.408Z  WARN 1152 --- [teacher-cert-platform] [           main] o.f.c.i.s.DefaultSqlScriptExecutor       : DB: 'VALUES function' is deprecated and will be removed in a future release. Please use an alias (INSERT INTO ... VALUES (...) AS alias) and replace VALUES(col) in the ON DUPLICATE KEY UPDATE clause with alias.col instead (SQL State: HY000 - Error Code: 1287)
2026-07-25T13:40:03.408Z  WARN 1152 --- [teacher-cert-platform] [           main] o.f.c.i.s.DefaultSqlScriptExecutor       : DB: 'VALUES function' is deprecated and will be removed in a future release. Please use an alias (INSERT INTO ... VALUES (...) AS alias) and replace VALUES(col) in the ON DUPLICATE KEY UPDATE clause with alias.col instead (SQL State: HY000 - Error Code: 1287)
2026-07-25T13:40:03.408Z  WARN 1152 --- [teacher-cert-platform] [           main] o.f.c.i.s.DefaultSqlScriptExecutor       : DB: 'VALUES function' is deprecated and will be removed in a future release. Please use an alias (INSERT INTO ... VALUES (...) AS alias) and replace VALUES(col) in the ON DUPLICATE KEY UPDATE clause with alias.col instead (SQL State: HY000 - Error Code: 1287)
2026-07-25T13:40:03.408Z  WARN 1152 --- [teacher-cert-platform] [           main] o.f.c.i.s.DefaultSqlScriptExecutor       : DB: 'VALUES function' is deprecated and will be removed in a future release. Please use an alias (INSERT INTO ... VALUES (...) AS alias) and replace VALUES(col) in the ON DUPLICATE KEY UPDATE clause with alias.col instead (SQL State: HY000 - Error Code: 1287)
2026-07-25T13:40:03.408Z  WARN 1152 --- [teacher-cert-platform] [           main] o.f.c.i.s.DefaultSqlScriptExecutor       : DB: 'VALUES function' is deprecated and will be removed in a future release. Please use an alias (INSERT INTO ... VALUES (...) AS alias) and replace VALUES(col) in the ON DUPLICATE KEY UPDATE clause with alias.col instead (SQL State: HY000 - Error Code: 1287)
2026-07-25T13:40:03.408Z  WARN 1152 --- [teacher-cert-platform] [           main] o.f.c.i.s.DefaultSqlScriptExecutor       : DB: 'VALUES function' is deprecated and will be removed in a future release. Please use an alias (INSERT INTO ... VALUES (...) AS alias) and replace VALUES(col) in the ON DUPLICATE KEY UPDATE clause with alias.col instead (SQL State: HY000 - Error Code: 1287)
2026-07-25T13:40:03.408Z  WARN 1152 --- [teacher-cert-platform] [           main] o.f.c.i.s.DefaultSqlScriptExecutor       : DB: 'VALUES function' is deprecated and will be removed in a future release. Please use an alias (INSERT INTO ... VALUES (...) AS alias) and replace VALUES(col) in the ON DUPLICATE KEY UPDATE clause with alias.col instead (SQL State: HY000 - Error Code: 1287)
2026-07-25T13:40:03.408Z  WARN 1152 --- [teacher-cert-platform] [           main] o.f.c.i.s.DefaultSqlScriptExecutor       : DB: 'VALUES function' is deprecated and will be removed in a future release. Please use an alias (INSERT INTO ... VALUES (...) AS alias) and replace VALUES(col) in the ON DUPLICATE KEY UPDATE clause with alias.col instead (SQL State: HY000 - Error Code: 1287)
2026-07-25T13:40:03.408Z  WARN 1152 --- [teacher-cert-platform] [           main] o.f.c.i.s.DefaultSqlScriptExecutor       : DB: 'VALUES function' is deprecated and will be removed in a future release. Please use an alias (INSERT INTO ... VALUES (...) AS alias) and replace VALUES(col) in the ON DUPLICATE KEY UPDATE clause with alias.col instead (SQL State: HY000 - Error Code: 1287)
2026-07-25T13:40:03.408Z  WARN 1152 --- [teacher-cert-platform] [           main] o.f.c.i.s.DefaultSqlScriptExecutor       : DB: 'VALUES function' is deprecated and will be removed in a future release. Please use an alias (INSERT INTO ... VALUES (...) AS alias) and replace VALUES(col) in the ON DUPLICATE KEY UPDATE clause with alias.col instead (SQL State: HY000 - Error Code: 1287)
2026-07-25T13:40:03.410Z  WARN 1152 --- [teacher-cert-platform] [           main] o.f.c.i.s.DefaultSqlScriptExecutor       : DB: 'VALUES function' is deprecated and will be removed in a future release. Please use an alias (INSERT INTO ... VALUES (...) AS alias) and replace VALUES(col) in the ON DUPLICATE KEY UPDATE clause with alias.col instead (SQL State: HY000 - Error Code: 1287)
2026-07-25T13:40:03.410Z  WARN 1152 --- [teacher-cert-platform] [           main] o.f.c.i.s.DefaultSqlScriptExecutor       : DB: 'VALUES function' is deprecated and will be removed in a future release. Please use an alias (INSERT INTO ... VALUES (...) AS alias) and replace VALUES(col) in the ON DUPLICATE KEY UPDATE clause with alias.col instead (SQL State: HY000 - Error Code: 1287)
2026-07-25T13:40:03.411Z  WARN 1152 --- [teacher-cert-platform] [           main] o.f.c.i.s.DefaultSqlScriptExecutor       : DB: 'VALUES function' is deprecated and will be removed in a future release. Please use an alias (INSERT INTO ... VALUES (...) AS alias) and replace VALUES(col) in the ON DUPLICATE KEY UPDATE clause with alias.col instead (SQL State: HY000 - Error Code: 1287)
2026-07-25T13:40:03.411Z  WARN 1152 --- [teacher-cert-platform] [           main] o.f.c.i.s.DefaultSqlScriptExecutor       : DB: 'VALUES function' is deprecated and will be removed in a future release. Please use an alias (INSERT INTO ... VALUES (...) AS alias) and replace VALUES(col) in the ON DUPLICATE KEY UPDATE clause with alias.col instead (SQL State: HY000 - Error Code: 1287)
2026-07-25T13:40:03.411Z  WARN 1152 --- [teacher-cert-platform] [           main] o.f.c.i.s.DefaultSqlScriptExecutor       : DB: 'VALUES function' is deprecated and will be removed in a future release. Please use an alias (INSERT INTO ... VALUES (...) AS alias) and replace VALUES(col) in the ON DUPLICATE KEY UPDATE clause with alias.col instead (SQL State: HY000 - Error Code: 1287)
2026-07-25T13:40:03.430Z  INFO 1152 --- [teacher-cert-platform] [           main] o.f.core.internal.command.DbMigrate      : Migrating schema `teacher_cert_p41_restore_4889649d15f340aab3204587af9c67cf` to version "9 - student"
2026-07-25T13:40:03.505Z  WARN 1152 --- [teacher-cert-platform] [           main] o.f.c.i.s.DefaultSqlScriptExecutor       : DB: 'VALUES function' is deprecated and will be removed in a future release. Please use an alias (INSERT INTO ... VALUES (...) AS alias) and replace VALUES(col) in the ON DUPLICATE KEY UPDATE clause with alias.col instead (SQL State: HY000 - Error Code: 1287)
2026-07-25T13:40:03.505Z  WARN 1152 --- [teacher-cert-platform] [           main] o.f.c.i.s.DefaultSqlScriptExecutor       : DB: 'VALUES function' is deprecated and will be removed in a future release. Please use an alias (INSERT INTO ... VALUES (...) AS alias) and replace VALUES(col) in the ON DUPLICATE KEY UPDATE clause with alias.col instead (SQL State: HY000 - Error Code: 1287)
2026-07-25T13:40:03.505Z  WARN 1152 --- [teacher-cert-platform] [           main] o.f.c.i.s.DefaultSqlScriptExecutor       : DB: 'VALUES function' is deprecated and will be removed in a future release. Please use an alias (INSERT INTO ... VALUES (...) AS alias) and replace VALUES(col) in the ON DUPLICATE KEY UPDATE clause with alias.col instead (SQL State: HY000 - Error Code: 1287)
2026-07-25T13:40:03.505Z  WARN 1152 --- [teacher-cert-platform] [           main] o.f.c.i.s.DefaultSqlScriptExecutor       : DB: 'VALUES function' is deprecated and will be removed in a future release. Please use an alias (INSERT INTO ... VALUES (...) AS alias) and replace VALUES(col) in the ON DUPLICATE KEY UPDATE clause with alias.col instead (SQL State: HY000 - Error Code: 1287)
2026-07-25T13:40:03.505Z  WARN 1152 --- [teacher-cert-platform] [           main] o.f.c.i.s.DefaultSqlScriptExecutor       : DB: 'VALUES function' is deprecated and will be removed in a future release. Please use an alias (INSERT INTO ... VALUES (...) AS alias) and replace VALUES(col) in the ON DUPLICATE KEY UPDATE clause with alias.col instead (SQL State: HY000 - Error Code: 1287)
2026-07-25T13:40:03.505Z  WARN 1152 --- [teacher-cert-platform] [           main] o.f.c.i.s.DefaultSqlScriptExecutor       : DB: 'VALUES function' is deprecated and will be removed in a future release. Please use an alias (INSERT INTO ... VALUES (...) AS alias) and replace VALUES(col) in the ON DUPLICATE KEY UPDATE clause with alias.col instead (SQL State: HY000 - Error Code: 1287)
2026-07-25T13:40:03.505Z  WARN 1152 --- [teacher-cert-platform] [           main] o.f.c.i.s.DefaultSqlScriptExecutor       : DB: 'VALUES function' is deprecated and will be removed in a future release. Please use an alias (INSERT INTO ... VALUES (...) AS alias) and replace VALUES(col) in the ON DUPLICATE KEY UPDATE clause with alias.col instead (SQL State: HY000 - Error Code: 1287)
2026-07-25T13:40:03.505Z  WARN 1152 --- [teacher-cert-platform] [           main] o.f.c.i.s.DefaultSqlScriptExecutor       : DB: 'VALUES function' is deprecated and will be removed in a future release. Please use an alias (INSERT INTO ... VALUES (...) AS alias) and replace VALUES(col) in the ON DUPLICATE KEY UPDATE clause with alias.col instead (SQL State: HY000 - Error Code: 1287)
2026-07-25T13:40:03.505Z  WARN 1152 --- [teacher-cert-platform] [           main] o.f.c.i.s.DefaultSqlScriptExecutor       : DB: 'VALUES function' is deprecated and will be removed in a future release. Please use an alias (INSERT INTO ... VALUES (...) AS alias) and replace VALUES(col) in the ON DUPLICATE KEY UPDATE clause with alias.col instead (SQL State: HY000 - Error Code: 1287)
2026-07-25T13:40:03.505Z  WARN 1152 --- [teacher-cert-platform] [           main] o.f.c.i.s.DefaultSqlScriptExecutor       : DB: 'VALUES function' is deprecated and will be removed in a future release. Please use an alias (INSERT INTO ... VALUES (...) AS alias) and replace VALUES(col) in the ON DUPLICATE KEY UPDATE clause with alias.col instead (SQL State: HY000 - Error Code: 1287)
2026-07-25T13:40:03.505Z  WARN 1152 --- [teacher-cert-platform] [           main] o.f.c.i.s.DefaultSqlScriptExecutor       : DB: 'VALUES function' is deprecated and will be removed in a future release. Please use an alias (INSERT INTO ... VALUES (...) AS alias) and replace VALUES(col) in the ON DUPLICATE KEY UPDATE clause with alias.col instead (SQL State: HY000 - Error Code: 1287)
2026-07-25T13:40:03.505Z  WARN 1152 --- [teacher-cert-platform] [           main] o.f.c.i.s.DefaultSqlScriptExecutor       : DB: 'VALUES function' is deprecated and will be removed in a future release. Please use an alias (INSERT INTO ... VALUES (...) AS alias) and replace VALUES(col) in the ON DUPLICATE KEY UPDATE clause with alias.col instead (SQL State: HY000 - Error Code: 1287)
2026-07-25T13:40:03.505Z  WARN 1152 --- [teacher-cert-platform] [           main] o.f.c.i.s.DefaultSqlScriptExecutor       : DB: 'VALUES function' is deprecated and will be removed in a future release. Please use an alias (INSERT INTO ... VALUES (...) AS alias) and replace VALUES(col) in the ON DUPLICATE KEY UPDATE clause with alias.col instead (SQL State: HY000 - Error Code: 1287)
2026-07-25T13:40:03.505Z  WARN 1152 --- [teacher-cert-platform] [           main] o.f.c.i.s.DefaultSqlScriptExecutor       : DB: 'VALUES function' is deprecated and will be removed in a future release. Please use an alias (INSERT INTO ... VALUES (...) AS alias) and replace VALUES(col) in the ON DUPLICATE KEY UPDATE clause with alias.col instead (SQL State: HY000 - Error Code: 1287)
2026-07-25T13:40:03.526Z  INFO 1152 --- [teacher-cert-platform] [           main] o.f.core.internal.command.DbMigrate      : Migrating schema `teacher_cert_p41_restore_4889649d15f340aab3204587af9c67cf` to version "10 - training profile"
2026-07-25T13:40:03.616Z  WARN 1152 --- [teacher-cert-platform] [           main] o.f.c.i.s.DefaultSqlScriptExecutor       : DB: 'VALUES function' is deprecated and will be removed in a future release. Please use an alias (INSERT INTO ... VALUES (...) AS alias) and replace VALUES(col) in the ON DUPLICATE KEY UPDATE clause with alias.col instead (SQL State: HY000 - Error Code: 1287)
2026-07-25T13:40:03.616Z  WARN 1152 --- [teacher-cert-platform] [           main] o.f.c.i.s.DefaultSqlScriptExecutor       : DB: 'VALUES function' is deprecated and will be removed in a future release. Please use an alias (INSERT INTO ... VALUES (...) AS alias) and replace VALUES(col) in the ON DUPLICATE KEY UPDATE clause with alias.col instead (SQL State: HY000 - Error Code: 1287)
2026-07-25T13:40:03.617Z  WARN 1152 --- [teacher-cert-platform] [           main] o.f.c.i.s.DefaultSqlScriptExecutor       : DB: 'VALUES function' is deprecated and will be removed in a future release. Please use an alias (INSERT INTO ... VALUES (...) AS alias) and replace VALUES(col) in the ON DUPLICATE KEY UPDATE clause with alias.col instead (SQL State: HY000 - Error Code: 1287)
2026-07-25T13:40:03.617Z  WARN 1152 --- [teacher-cert-platform] [           main] o.f.c.i.s.DefaultSqlScriptExecutor       : DB: 'VALUES function' is deprecated and will be removed in a future release. Please use an alias (INSERT INTO ... VALUES (...) AS alias) and replace VALUES(col) in the ON DUPLICATE KEY UPDATE clause with alias.col instead (SQL State: HY000 - Error Code: 1287)
2026-07-25T13:40:03.617Z  WARN 1152 --- [teacher-cert-platform] [           main] o.f.c.i.s.DefaultSqlScriptExecutor       : DB: 'VALUES function' is deprecated and will be removed in a future release. Please use an alias (INSERT INTO ... VALUES (...) AS alias) and replace VALUES(col) in the ON DUPLICATE KEY UPDATE clause with alias.col instead (SQL State: HY000 - Error Code: 1287)
2026-07-25T13:40:03.617Z  WARN 1152 --- [teacher-cert-platform] [           main] o.f.c.i.s.DefaultSqlScriptExecutor       : DB: 'VALUES function' is deprecated and will be removed in a future release. Please use an alias (INSERT INTO ... VALUES (...) AS alias) and replace VALUES(col) in the ON DUPLICATE KEY UPDATE clause with alias.col instead (SQL State: HY000 - Error Code: 1287)
2026-07-25T13:40:03.617Z  WARN 1152 --- [teacher-cert-platform] [           main] o.f.c.i.s.DefaultSqlScriptExecutor       : DB: 'VALUES function' is deprecated and will be removed in a future release. Please use an alias (INSERT INTO ... VALUES (...) AS alias) and replace VALUES(col) in the ON DUPLICATE KEY UPDATE clause with alias.col instead (SQL State: HY000 - Error Code: 1287)
2026-07-25T13:40:03.619Z  WARN 1152 --- [teacher-cert-platform] [           main] o.f.c.i.s.DefaultSqlScriptExecutor       : DB: 'VALUES function' is deprecated and will be removed in a future release. Please use an alias (INSERT INTO ... VALUES (...) AS alias) and replace VALUES(col) in the ON DUPLICATE KEY UPDATE clause with alias.col instead (SQL State: HY000 - Error Code: 1287)
2026-07-25T13:40:03.619Z  WARN 1152 --- [teacher-cert-platform] [           main] o.f.c.i.s.DefaultSqlScriptExecutor       : DB: 'VALUES function' is deprecated and will be removed in a future release. Please use an alias (INSERT INTO ... VALUES (...) AS alias) and replace VALUES(col) in the ON DUPLICATE KEY UPDATE clause with alias.col instead (SQL State: HY000 - Error Code: 1287)
2026-07-25T13:40:03.621Z  WARN 1152 --- [teacher-cert-platform] [           main] o.f.c.i.s.DefaultSqlScriptExecutor       : DB: 'VALUES function' is deprecated and will be removed in a future release. Please use an alias (INSERT INTO ... VALUES (...) AS alias) and replace VALUES(col) in the ON DUPLICATE KEY UPDATE clause with alias.col instead (SQL State: HY000 - Error Code: 1287)
2026-07-25T13:40:03.621Z  WARN 1152 --- [teacher-cert-platform] [           main] o.f.c.i.s.DefaultSqlScriptExecutor       : DB: 'VALUES function' is deprecated and will be removed in a future release. Please use an alias (INSERT INTO ... VALUES (...) AS alias) and replace VALUES(col) in the ON DUPLICATE KEY UPDATE clause with alias.col instead (SQL State: HY000 - Error Code: 1287)
2026-07-25T13:40:03.621Z  WARN 1152 --- [teacher-cert-platform] [           main] o.f.c.i.s.DefaultSqlScriptExecutor       : DB: 'VALUES function' is deprecated and will be removed in a future release. Please use an alias (INSERT INTO ... VALUES (...) AS alias) and replace VALUES(col) in the ON DUPLICATE KEY UPDATE clause with alias.col instead (SQL State: HY000 - Error Code: 1287)
2026-07-25T13:40:03.621Z  WARN 1152 --- [teacher-cert-platform] [           main] o.f.c.i.s.DefaultSqlScriptExecutor       : DB: 'VALUES function' is deprecated and will be removed in a future release. Please use an alias (INSERT INTO ... VALUES (...) AS alias) and replace VALUES(col) in the ON DUPLICATE KEY UPDATE clause with alias.col instead (SQL State: HY000 - Error Code: 1287)
2026-07-25T13:40:03.621Z  WARN 1152 --- [teacher-cert-platform] [           main] o.f.c.i.s.DefaultSqlScriptExecutor       : DB: 'VALUES function' is deprecated and will be removed in a future release. Please use an alias (INSERT INTO ... VALUES (...) AS alias) and replace VALUES(col) in the ON DUPLICATE KEY UPDATE clause with alias.col instead (SQL State: HY000 - Error Code: 1287)
2026-07-25T13:40:03.641Z  INFO 1152 --- [teacher-cert-platform] [           main] o.f.core.internal.command.DbMigrate      : Migrating schema `teacher_cert_p41_restore_4889649d15f340aab3204587af9c67cf` to version "11 - process material"
2026-07-25T13:40:03.721Z  WARN 1152 --- [teacher-cert-platform] [           main] o.f.c.i.s.DefaultSqlScriptExecutor       : DB: 'VALUES function' is deprecated and will be removed in a future release. Please use an alias (INSERT INTO ... VALUES (...) AS alias) and replace VALUES(col) in the ON DUPLICATE KEY UPDATE clause with alias.col instead (SQL State: HY000 - Error Code: 1287)
2026-07-25T13:40:03.721Z  WARN 1152 --- [teacher-cert-platform] [           main] o.f.c.i.s.DefaultSqlScriptExecutor       : DB: 'VALUES function' is deprecated and will be removed in a future release. Please use an alias (INSERT INTO ... VALUES (...) AS alias) and replace VALUES(col) in the ON DUPLICATE KEY UPDATE clause with alias.col instead (SQL State: HY000 - Error Code: 1287)
2026-07-25T13:40:03.721Z  WARN 1152 --- [teacher-cert-platform] [           main] o.f.c.i.s.DefaultSqlScriptExecutor       : DB: 'VALUES function' is deprecated and will be removed in a future release. Please use an alias (INSERT INTO ... VALUES (...) AS alias) and replace VALUES(col) in the ON DUPLICATE KEY UPDATE clause with alias.col instead (SQL State: HY000 - Error Code: 1287)
2026-07-25T13:40:03.721Z  WARN 1152 --- [teacher-cert-platform] [           main] o.f.c.i.s.DefaultSqlScriptExecutor       : DB: 'VALUES function' is deprecated and will be removed in a future release. Please use an alias (INSERT INTO ... VALUES (...) AS alias) and replace VALUES(col) in the ON DUPLICATE KEY UPDATE clause with alias.col instead (SQL State: HY000 - Error Code: 1287)
2026-07-25T13:40:03.721Z  WARN 1152 --- [teacher-cert-platform] [           main] o.f.c.i.s.DefaultSqlScriptExecutor       : DB: 'VALUES function' is deprecated and will be removed in a future release. Please use an alias (INSERT INTO ... VALUES (...) AS alias) and replace VALUES(col) in the ON DUPLICATE KEY UPDATE clause with alias.col instead (SQL State: HY000 - Error Code: 1287)
2026-07-25T13:40:03.742Z  INFO 1152 --- [teacher-cert-platform] [           main] o.f.core.internal.command.DbMigrate      : Migrating schema `teacher_cert_p41_restore_4889649d15f340aab3204587af9c67cf` to version "12 - exemption"
2026-07-25T13:40:03.903Z  WARN 1152 --- [teacher-cert-platform] [           main] o.f.c.i.s.DefaultSqlScriptExecutor       : DB: 'VALUES function' is deprecated and will be removed in a future release. Please use an alias (INSERT INTO ... VALUES (...) AS alias) and replace VALUES(col) in the ON DUPLICATE KEY UPDATE clause with alias.col instead (SQL State: HY000 - Error Code: 1287)
2026-07-25T13:40:03.903Z  WARN 1152 --- [teacher-cert-platform] [           main] o.f.c.i.s.DefaultSqlScriptExecutor       : DB: 'VALUES function' is deprecated and will be removed in a future release. Please use an alias (INSERT INTO ... VALUES (...) AS alias) and replace VALUES(col) in the ON DUPLICATE KEY UPDATE clause with alias.col instead (SQL State: HY000 - Error Code: 1287)
2026-07-25T13:40:03.903Z  WARN 1152 --- [teacher-cert-platform] [           main] o.f.c.i.s.DefaultSqlScriptExecutor       : DB: 'VALUES function' is deprecated and will be removed in a future release. Please use an alias (INSERT INTO ... VALUES (...) AS alias) and replace VALUES(col) in the ON DUPLICATE KEY UPDATE clause with alias.col instead (SQL State: HY000 - Error Code: 1287)
2026-07-25T13:40:03.903Z  WARN 1152 --- [teacher-cert-platform] [           main] o.f.c.i.s.DefaultSqlScriptExecutor       : DB: 'VALUES function' is deprecated and will be removed in a future release. Please use an alias (INSERT INTO ... VALUES (...) AS alias) and replace VALUES(col) in the ON DUPLICATE KEY UPDATE clause with alias.col instead (SQL State: HY000 - Error Code: 1287)
2026-07-25T13:40:03.903Z  WARN 1152 --- [teacher-cert-platform] [           main] o.f.c.i.s.DefaultSqlScriptExecutor       : DB: 'VALUES function' is deprecated and will be removed in a future release. Please use an alias (INSERT INTO ... VALUES (...) AS alias) and replace VALUES(col) in the ON DUPLICATE KEY UPDATE clause with alias.col instead (SQL State: HY000 - Error Code: 1287)
2026-07-25T13:40:03.904Z  WARN 1152 --- [teacher-cert-platform] [           main] o.f.c.i.s.DefaultSqlScriptExecutor       : DB: 'VALUES function' is deprecated and will be removed in a future release. Please use an alias (INSERT INTO ... VALUES (...) AS alias) and replace VALUES(col) in the ON DUPLICATE KEY UPDATE clause with alias.col instead (SQL State: HY000 - Error Code: 1287)
2026-07-25T13:40:03.905Z  WARN 1152 --- [teacher-cert-platform] [           main] o.f.c.i.s.DefaultSqlScriptExecutor       : DB: 'VALUES function' is deprecated and will be removed in a future release. Please use an alias (INSERT INTO ... VALUES (...) AS alias) and replace VALUES(col) in the ON DUPLICATE KEY UPDATE clause with alias.col instead (SQL State: HY000 - Error Code: 1287)
2026-07-25T13:40:03.905Z  WARN 1152 --- [teacher-cert-platform] [           main] o.f.c.i.s.DefaultSqlScriptExecutor       : DB: 'VALUES function' is deprecated and will be removed in a future release. Please use an alias (INSERT INTO ... VALUES (...) AS alias) and replace VALUES(col) in the ON DUPLICATE KEY UPDATE clause with alias.col instead (SQL State: HY000 - Error Code: 1287)
2026-07-25T13:40:03.905Z  WARN 1152 --- [teacher-cert-platform] [           main] o.f.c.i.s.DefaultSqlScriptExecutor       : DB: 'VALUES function' is deprecated and will be removed in a future release. Please use an alias (INSERT INTO ... VALUES (...) AS alias) and replace VALUES(col) in the ON DUPLICATE KEY UPDATE clause with alias.col instead (SQL State: HY000 - Error Code: 1287)
2026-07-25T13:40:03.905Z  WARN 1152 --- [teacher-cert-platform] [           main] o.f.c.i.s.DefaultSqlScriptExecutor       : DB: 'VALUES function' is deprecated and will be removed in a future release. Please use an alias (INSERT INTO ... VALUES (...) AS alias) and replace VALUES(col) in the ON DUPLICATE KEY UPDATE clause with alias.col instead (SQL State: HY000 - Error Code: 1287)
2026-07-25T13:40:03.905Z  WARN 1152 --- [teacher-cert-platform] [           main] o.f.c.i.s.DefaultSqlScriptExecutor       : DB: 'VALUES function' is deprecated and will be removed in a future release. Please use an alias (INSERT INTO ... VALUES (...) AS alias) and replace VALUES(col) in the ON DUPLICATE KEY UPDATE clause with alias.col instead (SQL State: HY000 - Error Code: 1287)
2026-07-25T13:40:03.906Z  WARN 1152 --- [teacher-cert-platform] [           main] o.f.c.i.s.DefaultSqlScriptExecutor       : DB: 'VALUES function' is deprecated and will be removed in a future release. Please use an alias (INSERT INTO ... VALUES (...) AS alias) and replace VALUES(col) in the ON DUPLICATE KEY UPDATE clause with alias.col instead (SQL State: HY000 - Error Code: 1287)
2026-07-25T13:40:03.906Z  WARN 1152 --- [teacher-cert-platform] [           main] o.f.c.i.s.DefaultSqlScriptExecutor       : DB: 'VALUES function' is deprecated and will be removed in a future release. Please use an alias (INSERT INTO ... VALUES (...) AS alias) and replace VALUES(col) in the ON DUPLICATE KEY UPDATE clause with alias.col instead (SQL State: HY000 - Error Code: 1287)
2026-07-25T13:40:03.906Z  WARN 1152 --- [teacher-cert-platform] [           main] o.f.c.i.s.DefaultSqlScriptExecutor       : DB: 'VALUES function' is deprecated and will be removed in a future release. Please use an alias (INSERT INTO ... VALUES (...) AS alias) and replace VALUES(col) in the ON DUPLICATE KEY UPDATE clause with alias.col instead (SQL State: HY000 - Error Code: 1287)
2026-07-25T13:40:03.906Z  WARN 1152 --- [teacher-cert-platform] [           main] o.f.c.i.s.DefaultSqlScriptExecutor       : DB: 'VALUES function' is deprecated and will be removed in a future release. Please use an alias (INSERT INTO ... VALUES (...) AS alias) and replace VALUES(col) in the ON DUPLICATE KEY UPDATE clause with alias.col instead (SQL State: HY000 - Error Code: 1287)
2026-07-25T13:40:03.906Z  WARN 1152 --- [teacher-cert-platform] [           main] o.f.c.i.s.DefaultSqlScriptExecutor       : DB: 'VALUES function' is deprecated and will be removed in a future release. Please use an alias (INSERT INTO ... VALUES (...) AS alias) and replace VALUES(col) in the ON DUPLICATE KEY UPDATE clause with alias.col instead (SQL State: HY000 - Error Code: 1287)
2026-07-25T13:40:03.930Z  INFO 1152 --- [teacher-cert-platform] [           main] o.f.core.internal.command.DbMigrate      : Migrating schema `teacher_cert_p41_restore_4889649d15f340aab3204587af9c67cf` to version "13 - video"
2026-07-25T13:40:04.232Z  WARN 1152 --- [teacher-cert-platform] [           main] o.f.c.i.s.DefaultSqlScriptExecutor       : DB: 'VALUES function' is deprecated and will be removed in a future release. Please use an alias (INSERT INTO ... VALUES (...) AS alias) and replace VALUES(col) in the ON DUPLICATE KEY UPDATE clause with alias.col instead (SQL State: HY000 - Error Code: 1287)
2026-07-25T13:40:04.232Z  WARN 1152 --- [teacher-cert-platform] [           main] o.f.c.i.s.DefaultSqlScriptExecutor       : DB: 'VALUES function' is deprecated and will be removed in a future release. Please use an alias (INSERT INTO ... VALUES (...) AS alias) and replace VALUES(col) in the ON DUPLICATE KEY UPDATE clause with alias.col instead (SQL State: HY000 - Error Code: 1287)
2026-07-25T13:40:04.232Z  WARN 1152 --- [teacher-cert-platform] [           main] o.f.c.i.s.DefaultSqlScriptExecutor       : DB: 'VALUES function' is deprecated and will be removed in a future release. Please use an alias (INSERT INTO ... VALUES (...) AS alias) and replace VALUES(col) in the ON DUPLICATE KEY UPDATE clause with alias.col instead (SQL State: HY000 - Error Code: 1287)
2026-07-25T13:40:04.232Z  WARN 1152 --- [teacher-cert-platform] [           main] o.f.c.i.s.DefaultSqlScriptExecutor       : DB: 'VALUES function' is deprecated and will be removed in a future release. Please use an alias (INSERT INTO ... VALUES (...) AS alias) and replace VALUES(col) in the ON DUPLICATE KEY UPDATE clause with alias.col instead (SQL State: HY000 - Error Code: 1287)
2026-07-25T13:40:04.232Z  WARN 1152 --- [teacher-cert-platform] [           main] o.f.c.i.s.DefaultSqlScriptExecutor       : DB: 'VALUES function' is deprecated and will be removed in a future release. Please use an alias (INSERT INTO ... VALUES (...) AS alias) and replace VALUES(col) in the ON DUPLICATE KEY UPDATE clause with alias.col instead (SQL State: HY000 - Error Code: 1287)
2026-07-25T13:40:04.234Z  WARN 1152 --- [teacher-cert-platform] [           main] o.f.c.i.s.DefaultSqlScriptExecutor       : DB: 'VALUES function' is deprecated and will be removed in a future release. Please use an alias (INSERT INTO ... VALUES (...) AS alias) and replace VALUES(col) in the ON DUPLICATE KEY UPDATE clause with alias.col instead (SQL State: HY000 - Error Code: 1287)
2026-07-25T13:40:04.234Z  WARN 1152 --- [teacher-cert-platform] [           main] o.f.c.i.s.DefaultSqlScriptExecutor       : DB: 'VALUES function' is deprecated and will be removed in a future release. Please use an alias (INSERT INTO ... VALUES (...) AS alias) and replace VALUES(col) in the ON DUPLICATE KEY UPDATE clause with alias.col instead (SQL State: HY000 - Error Code: 1287)
2026-07-25T13:40:04.234Z  WARN 1152 --- [teacher-cert-platform] [           main] o.f.c.i.s.DefaultSqlScriptExecutor       : DB: 'VALUES function' is deprecated and will be removed in a future release. Please use an alias (INSERT INTO ... VALUES (...) AS alias) and replace VALUES(col) in the ON DUPLICATE KEY UPDATE clause with alias.col instead (SQL State: HY000 - Error Code: 1287)
2026-07-25T13:40:04.234Z  WARN 1152 --- [teacher-cert-platform] [           main] o.f.c.i.s.DefaultSqlScriptExecutor       : DB: 'VALUES function' is deprecated and will be removed in a future release. Please use an alias (INSERT INTO ... VALUES (...) AS alias) and replace VALUES(col) in the ON DUPLICATE KEY UPDATE clause with alias.col instead (SQL State: HY000 - Error Code: 1287)
2026-07-25T13:40:04.234Z  WARN 1152 --- [teacher-cert-platform] [           main] o.f.c.i.s.DefaultSqlScriptExecutor       : DB: 'VALUES function' is deprecated and will be removed in a future release. Please use an alias (INSERT INTO ... VALUES (...) AS alias) and replace VALUES(col) in the ON DUPLICATE KEY UPDATE clause with alias.col instead (SQL State: HY000 - Error Code: 1287)
2026-07-25T13:40:04.255Z  INFO 1152 --- [teacher-cert-platform] [           main] o.f.core.internal.command.DbMigrate      : Migrating schema `teacher_cert_p41_restore_4889649d15f340aab3204587af9c67cf` to version "14 - test"
2026-07-25T13:40:04.339Z  WARN 1152 --- [teacher-cert-platform] [           main] o.f.c.i.s.DefaultSqlScriptExecutor       : DB: 'VALUES function' is deprecated and will be removed in a future release. Please use an alias (INSERT INTO ... VALUES (...) AS alias) and replace VALUES(col) in the ON DUPLICATE KEY UPDATE clause with alias.col instead (SQL State: HY000 - Error Code: 1287)
2026-07-25T13:40:04.339Z  WARN 1152 --- [teacher-cert-platform] [           main] o.f.c.i.s.DefaultSqlScriptExecutor       : DB: 'VALUES function' is deprecated and will be removed in a future release. Please use an alias (INSERT INTO ... VALUES (...) AS alias) and replace VALUES(col) in the ON DUPLICATE KEY UPDATE clause with alias.col instead (SQL State: HY000 - Error Code: 1287)
2026-07-25T13:40:04.340Z  WARN 1152 --- [teacher-cert-platform] [           main] o.f.c.i.s.DefaultSqlScriptExecutor       : DB: 'VALUES function' is deprecated and will be removed in a future release. Please use an alias (INSERT INTO ... VALUES (...) AS alias) and replace VALUES(col) in the ON DUPLICATE KEY UPDATE clause with alias.col instead (SQL State: HY000 - Error Code: 1287)
2026-07-25T13:40:04.340Z  WARN 1152 --- [teacher-cert-platform] [           main] o.f.c.i.s.DefaultSqlScriptExecutor       : DB: 'VALUES function' is deprecated and will be removed in a future release. Please use an alias (INSERT INTO ... VALUES (...) AS alias) and replace VALUES(col) in the ON DUPLICATE KEY UPDATE clause with alias.col instead (SQL State: HY000 - Error Code: 1287)
2026-07-25T13:40:04.341Z  WARN 1152 --- [teacher-cert-platform] [           main] o.f.c.i.s.DefaultSqlScriptExecutor       : DB: 'VALUES function' is deprecated and will be removed in a future release. Please use an alias (INSERT INTO ... VALUES (...) AS alias) and replace VALUES(col) in the ON DUPLICATE KEY UPDATE clause with alias.col instead (SQL State: HY000 - Error Code: 1287)
2026-07-25T13:40:04.341Z  WARN 1152 --- [teacher-cert-platform] [           main] o.f.c.i.s.DefaultSqlScriptExecutor       : DB: 'VALUES function' is deprecated and will be removed in a future release. Please use an alias (INSERT INTO ... VALUES (...) AS alias) and replace VALUES(col) in the ON DUPLICATE KEY UPDATE clause with alias.col instead (SQL State: HY000 - Error Code: 1287)
2026-07-25T13:40:04.341Z  WARN 1152 --- [teacher-cert-platform] [           main] o.f.c.i.s.DefaultSqlScriptExecutor       : DB: 'VALUES function' is deprecated and will be removed in a future release. Please use an alias (INSERT INTO ... VALUES (...) AS alias) and replace VALUES(col) in the ON DUPLICATE KEY UPDATE clause with alias.col instead (SQL State: HY000 - Error Code: 1287)
2026-07-25T13:40:04.341Z  WARN 1152 --- [teacher-cert-platform] [           main] o.f.c.i.s.DefaultSqlScriptExecutor       : DB: 'VALUES function' is deprecated and will be removed in a future release. Please use an alias (INSERT INTO ... VALUES (...) AS alias) and replace VALUES(col) in the ON DUPLICATE KEY UPDATE clause with alias.col instead (SQL State: HY000 - Error Code: 1287)
2026-07-25T13:40:04.342Z  WARN 1152 --- [teacher-cert-platform] [           main] o.f.c.i.s.DefaultSqlScriptExecutor       : DB: 'VALUES function' is deprecated and will be removed in a future release. Please use an alias (INSERT INTO ... VALUES (...) AS alias) and replace VALUES(col) in the ON DUPLICATE KEY UPDATE clause with alias.col instead (SQL State: HY000 - Error Code: 1287)
2026-07-25T13:40:04.342Z  WARN 1152 --- [teacher-cert-platform] [           main] o.f.c.i.s.DefaultSqlScriptExecutor       : DB: 'VALUES function' is deprecated and will be removed in a future release. Please use an alias (INSERT INTO ... VALUES (...) AS alias) and replace VALUES(col) in the ON DUPLICATE KEY UPDATE clause with alias.col instead (SQL State: HY000 - Error Code: 1287)
2026-07-25T13:40:04.343Z  WARN 1152 --- [teacher-cert-platform] [           main] o.f.c.i.s.DefaultSqlScriptExecutor       : DB: 'VALUES function' is deprecated and will be removed in a future release. Please use an alias (INSERT INTO ... VALUES (...) AS alias) and replace VALUES(col) in the ON DUPLICATE KEY UPDATE clause with alias.col instead (SQL State: HY000 - Error Code: 1287)
2026-07-25T13:40:04.343Z  WARN 1152 --- [teacher-cert-platform] [           main] o.f.c.i.s.DefaultSqlScriptExecutor       : DB: 'VALUES function' is deprecated and will be removed in a future release. Please use an alias (INSERT INTO ... VALUES (...) AS alias) and replace VALUES(col) in the ON DUPLICATE KEY UPDATE clause with alias.col instead (SQL State: HY000 - Error Code: 1287)
2026-07-25T13:40:04.343Z  WARN 1152 --- [teacher-cert-platform] [           main] o.f.c.i.s.DefaultSqlScriptExecutor       : DB: 'VALUES function' is deprecated and will be removed in a future release. Please use an alias (INSERT INTO ... VALUES (...) AS alias) and replace VALUES(col) in the ON DUPLICATE KEY UPDATE clause with alias.col instead (SQL State: HY000 - Error Code: 1287)
2026-07-25T13:40:04.343Z  WARN 1152 --- [teacher-cert-platform] [           main] o.f.c.i.s.DefaultSqlScriptExecutor       : DB: 'VALUES function' is deprecated and will be removed in a future release. Please use an alias (INSERT INTO ... VALUES (...) AS alias) and replace VALUES(col) in the ON DUPLICATE KEY UPDATE clause with alias.col instead (SQL State: HY000 - Error Code: 1287)
2026-07-25T13:40:04.343Z  WARN 1152 --- [teacher-cert-platform] [           main] o.f.c.i.s.DefaultSqlScriptExecutor       : DB: 'VALUES function' is deprecated and will be removed in a future release. Please use an alias (INSERT INTO ... VALUES (...) AS alias) and replace VALUES(col) in the ON DUPLICATE KEY UPDATE clause with alias.col instead (SQL State: HY000 - Error Code: 1287)
2026-07-25T13:40:04.343Z  WARN 1152 --- [teacher-cert-platform] [           main] o.f.c.i.s.DefaultSqlScriptExecutor       : DB: 'VALUES function' is deprecated and will be removed in a future release. Please use an alias (INSERT INTO ... VALUES (...) AS alias) and replace VALUES(col) in the ON DUPLICATE KEY UPDATE clause with alias.col instead (SQL State: HY000 - Error Code: 1287)
2026-07-25T13:40:04.344Z  WARN 1152 --- [teacher-cert-platform] [           main] o.f.c.i.s.DefaultSqlScriptExecutor       : DB: 'VALUES function' is deprecated and will be removed in a future release. Please use an alias (INSERT INTO ... VALUES (...) AS alias) and replace VALUES(col) in the ON DUPLICATE KEY UPDATE clause with alias.col instead (SQL State: HY000 - Error Code: 1287)
2026-07-25T13:40:04.345Z  WARN 1152 --- [teacher-cert-platform] [           main] o.f.c.i.s.DefaultSqlScriptExecutor       : DB: 'VALUES function' is deprecated and will be removed in a future release. Please use an alias (INSERT INTO ... VALUES (...) AS alias) and replace VALUES(col) in the ON DUPLICATE KEY UPDATE clause with alias.col instead (SQL State: HY000 - Error Code: 1287)
2026-07-25T13:40:04.345Z  WARN 1152 --- [teacher-cert-platform] [           main] o.f.c.i.s.DefaultSqlScriptExecutor       : DB: 'VALUES function' is deprecated and will be removed in a future release. Please use an alias (INSERT INTO ... VALUES (...) AS alias) and replace VALUES(col) in the ON DUPLICATE KEY UPDATE clause with alias.col instead (SQL State: HY000 - Error Code: 1287)
2026-07-25T13:40:04.367Z  INFO 1152 --- [teacher-cert-platform] [           main] o.f.core.internal.command.DbMigrate      : Migrating schema `teacher_cert_p41_restore_4889649d15f340aab3204587af9c67cf` to version "15 - certificate"
2026-07-25T13:40:04.525Z  WARN 1152 --- [teacher-cert-platform] [           main] o.f.c.i.s.DefaultSqlScriptExecutor       : DB: 'VALUES function' is deprecated and will be removed in a future release. Please use an alias (INSERT INTO ... VALUES (...) AS alias) and replace VALUES(col) in the ON DUPLICATE KEY UPDATE clause with alias.col instead (SQL State: HY000 - Error Code: 1287)
2026-07-25T13:40:04.526Z  WARN 1152 --- [teacher-cert-platform] [           main] o.f.c.i.s.DefaultSqlScriptExecutor       : DB: 'VALUES function' is deprecated and will be removed in a future release. Please use an alias (INSERT INTO ... VALUES (...) AS alias) and replace VALUES(col) in the ON DUPLICATE KEY UPDATE clause with alias.col instead (SQL State: HY000 - Error Code: 1287)
2026-07-25T13:40:04.526Z  WARN 1152 --- [teacher-cert-platform] [           main] o.f.c.i.s.DefaultSqlScriptExecutor       : DB: 'VALUES function' is deprecated and will be removed in a future release. Please use an alias (INSERT INTO ... VALUES (...) AS alias) and replace VALUES(col) in the ON DUPLICATE KEY UPDATE clause with alias.col instead (SQL State: HY000 - Error Code: 1287)
2026-07-25T13:40:04.526Z  WARN 1152 --- [teacher-cert-platform] [           main] o.f.c.i.s.DefaultSqlScriptExecutor       : DB: 'VALUES function' is deprecated and will be removed in a future release. Please use an alias (INSERT INTO ... VALUES (...) AS alias) and replace VALUES(col) in the ON DUPLICATE KEY UPDATE clause with alias.col instead (SQL State: HY000 - Error Code: 1287)
2026-07-25T13:40:04.527Z  WARN 1152 --- [teacher-cert-platform] [           main] o.f.c.i.s.DefaultSqlScriptExecutor       : DB: 'VALUES function' is deprecated and will be removed in a future release. Please use an alias (INSERT INTO ... VALUES (...) AS alias) and replace VALUES(col) in the ON DUPLICATE KEY UPDATE clause with alias.col instead (SQL State: HY000 - Error Code: 1287)
2026-07-25T13:40:04.527Z  WARN 1152 --- [teacher-cert-platform] [           main] o.f.c.i.s.DefaultSqlScriptExecutor       : DB: 'VALUES function' is deprecated and will be removed in a future release. Please use an alias (INSERT INTO ... VALUES (...) AS alias) and replace VALUES(col) in the ON DUPLICATE KEY UPDATE clause with alias.col instead (SQL State: HY000 - Error Code: 1287)
2026-07-25T13:40:04.527Z  WARN 1152 --- [teacher-cert-platform] [           main] o.f.c.i.s.DefaultSqlScriptExecutor       : DB: 'VALUES function' is deprecated and will be removed in a future release. Please use an alias (INSERT INTO ... VALUES (...) AS alias) and replace VALUES(col) in the ON DUPLICATE KEY UPDATE clause with alias.col instead (SQL State: HY000 - Error Code: 1287)
2026-07-25T13:40:04.527Z  WARN 1152 --- [teacher-cert-platform] [           main] o.f.c.i.s.DefaultSqlScriptExecutor       : DB: 'VALUES function' is deprecated and will be removed in a future release. Please use an alias (INSERT INTO ... VALUES (...) AS alias) and replace VALUES(col) in the ON DUPLICATE KEY UPDATE clause with alias.col instead (SQL State: HY000 - Error Code: 1287)
2026-07-25T13:40:04.527Z  WARN 1152 --- [teacher-cert-platform] [           main] o.f.c.i.s.DefaultSqlScriptExecutor       : DB: 'VALUES function' is deprecated and will be removed in a future release. Please use an alias (INSERT INTO ... VALUES (...) AS alias) and replace VALUES(col) in the ON DUPLICATE KEY UPDATE clause with alias.col instead (SQL State: HY000 - Error Code: 1287)
2026-07-25T13:40:04.527Z  WARN 1152 --- [teacher-cert-platform] [           main] o.f.c.i.s.DefaultSqlScriptExecutor       : DB: 'VALUES function' is deprecated and will be removed in a future release. Please use an alias (INSERT INTO ... VALUES (...) AS alias) and replace VALUES(col) in the ON DUPLICATE KEY UPDATE clause with alias.col instead (SQL State: HY000 - Error Code: 1287)
2026-07-25T13:40:04.529Z  WARN 1152 --- [teacher-cert-platform] [           main] o.f.c.i.s.DefaultSqlScriptExecutor       : DB: 'VALUES function' is deprecated and will be removed in a future release. Please use an alias (INSERT INTO ... VALUES (...) AS alias) and replace VALUES(col) in the ON DUPLICATE KEY UPDATE clause with alias.col instead (SQL State: HY000 - Error Code: 1287)
2026-07-25T13:40:04.529Z  WARN 1152 --- [teacher-cert-platform] [           main] o.f.c.i.s.DefaultSqlScriptExecutor       : DB: 'VALUES function' is deprecated and will be removed in a future release. Please use an alias (INSERT INTO ... VALUES (...) AS alias) and replace VALUES(col) in the ON DUPLICATE KEY UPDATE clause with alias.col instead (SQL State: HY000 - Error Code: 1287)
2026-07-25T13:40:04.529Z  WARN 1152 --- [teacher-cert-platform] [           main] o.f.c.i.s.DefaultSqlScriptExecutor       : DB: 'VALUES function' is deprecated and will be removed in a future release. Please use an alias (INSERT INTO ... VALUES (...) AS alias) and replace VALUES(col) in the ON DUPLICATE KEY UPDATE clause with alias.col instead (SQL State: HY000 - Error Code: 1287)
2026-07-25T13:40:04.529Z  WARN 1152 --- [teacher-cert-platform] [           main] o.f.c.i.s.DefaultSqlScriptExecutor       : DB: 'VALUES function' is deprecated and will be removed in a future release. Please use an alias (INSERT INTO ... VALUES (...) AS alias) and replace VALUES(col) in the ON DUPLICATE KEY UPDATE clause with alias.col instead (SQL State: HY000 - Error Code: 1287)
2026-07-25T13:40:04.551Z  INFO 1152 --- [teacher-cert-platform] [           main] o.f.core.internal.command.DbMigrate      : Migrating schema `teacher_cert_p41_restore_4889649d15f340aab3204587af9c67cf` to version "16 - certificate student view"
2026-07-25T13:40:04.553Z  WARN 1152 --- [teacher-cert-platform] [           main] o.f.c.i.s.DefaultSqlScriptExecutor       : DB: 'VALUES function' is deprecated and will be removed in a future release. Please use an alias (INSERT INTO ... VALUES (...) AS alias) and replace VALUES(col) in the ON DUPLICATE KEY UPDATE clause with alias.col instead (SQL State: HY000 - Error Code: 1287)
2026-07-25T13:40:04.553Z  WARN 1152 --- [teacher-cert-platform] [           main] o.f.c.i.s.DefaultSqlScriptExecutor       : DB: 'VALUES function' is deprecated and will be removed in a future release. Please use an alias (INSERT INTO ... VALUES (...) AS alias) and replace VALUES(col) in the ON DUPLICATE KEY UPDATE clause with alias.col instead (SQL State: HY000 - Error Code: 1287)
2026-07-25T13:40:04.553Z  WARN 1152 --- [teacher-cert-platform] [           main] o.f.c.i.s.DefaultSqlScriptExecutor       : DB: 'VALUES function' is deprecated and will be removed in a future release. Please use an alias (INSERT INTO ... VALUES (...) AS alias) and replace VALUES(col) in the ON DUPLICATE KEY UPDATE clause with alias.col instead (SQL State: HY000 - Error Code: 1287)
2026-07-25T13:40:04.573Z  INFO 1152 --- [teacher-cert-platform] [           main] o.f.core.internal.command.DbMigrate      : Migrating schema `teacher_cert_p41_restore_4889649d15f340aab3204587af9c67cf` to version "17 - exchange"
2026-07-25T13:40:04.818Z  INFO 1152 --- [teacher-cert-platform] [           main] o.f.core.internal.command.DbMigrate      : Migrating schema `teacher_cert_p41_restore_4889649d15f340aab3204587af9c67cf` to version "18 - notification"
2026-07-25T13:40:04.906Z  INFO 1152 --- [teacher-cert-platform] [           main] o.f.core.internal.command.DbMigrate      : Migrating schema `teacher_cert_p41_restore_4889649d15f340aab3204587af9c67cf` to version "19 - system audit"
2026-07-25T13:40:04.979Z  INFO 1152 --- [teacher-cert-platform] [           main] o.f.core.internal.command.DbMigrate      : Migrating schema `teacher_cert_p41_restore_4889649d15f340aab3204587af9c67cf` to version "20 - rbac regrant"
2026-07-25T13:40:04.982Z  WARN 1152 --- [teacher-cert-platform] [           main] o.f.c.i.s.DefaultSqlScriptExecutor       : DB: 'VALUES function' is deprecated and will be removed in a future release. Please use an alias (INSERT INTO ... VALUES (...) AS alias) and replace VALUES(col) in the ON DUPLICATE KEY UPDATE clause with alias.col instead (SQL State: HY000 - Error Code: 1287)
2026-07-25T13:40:04.982Z  WARN 1152 --- [teacher-cert-platform] [           main] o.f.c.i.s.DefaultSqlScriptExecutor       : DB: 'VALUES function' is deprecated and will be removed in a future release. Please use an alias (INSERT INTO ... VALUES (...) AS alias) and replace VALUES(col) in the ON DUPLICATE KEY UPDATE clause with alias.col instead (SQL State: HY000 - Error Code: 1287)
2026-07-25T13:40:04.982Z  WARN 1152 --- [teacher-cert-platform] [           main] o.f.c.i.s.DefaultSqlScriptExecutor       : DB: 'VALUES function' is deprecated and will be removed in a future release. Please use an alias (INSERT INTO ... VALUES (...) AS alias) and replace VALUES(col) in the ON DUPLICATE KEY UPDATE clause with alias.col instead (SQL State: HY000 - Error Code: 1287)
2026-07-25T13:40:04.982Z  WARN 1152 --- [teacher-cert-platform] [           main] o.f.c.i.s.DefaultSqlScriptExecutor       : DB: 'VALUES function' is deprecated and will be removed in a future release. Please use an alias (INSERT INTO ... VALUES (...) AS alias) and replace VALUES(col) in the ON DUPLICATE KEY UPDATE clause with alias.col instead (SQL State: HY000 - Error Code: 1287)
2026-07-25T13:40:04.983Z  WARN 1152 --- [teacher-cert-platform] [           main] o.f.c.i.s.DefaultSqlScriptExecutor       : DB: 'VALUES function' is deprecated and will be removed in a future release. Please use an alias (INSERT INTO ... VALUES (...) AS alias) and replace VALUES(col) in the ON DUPLICATE KEY UPDATE clause with alias.col instead (SQL State: HY000 - Error Code: 1287)
2026-07-25T13:40:04.983Z  WARN 1152 --- [teacher-cert-platform] [           main] o.f.c.i.s.DefaultSqlScriptExecutor       : DB: 'VALUES function' is deprecated and will be removed in a future release. Please use an alias (INSERT INTO ... VALUES (...) AS alias) and replace VALUES(col) in the ON DUPLICATE KEY UPDATE clause with alias.col instead (SQL State: HY000 - Error Code: 1287)
2026-07-25T13:40:04.983Z  WARN 1152 --- [teacher-cert-platform] [           main] o.f.c.i.s.DefaultSqlScriptExecutor       : DB: 'VALUES function' is deprecated and will be removed in a future release. Please use an alias (INSERT INTO ... VALUES (...) AS alias) and replace VALUES(col) in the ON DUPLICATE KEY UPDATE clause with alias.col instead (SQL State: HY000 - Error Code: 1287)
2026-07-25T13:40:04.983Z  WARN 1152 --- [teacher-cert-platform] [           main] o.f.c.i.s.DefaultSqlScriptExecutor       : DB: 'VALUES function' is deprecated and will be removed in a future release. Please use an alias (INSERT INTO ... VALUES (...) AS alias) and replace VALUES(col) in the ON DUPLICATE KEY UPDATE clause with alias.col instead (SQL State: HY000 - Error Code: 1287)
2026-07-25T13:40:04.984Z  WARN 1152 --- [teacher-cert-platform] [           main] o.f.c.i.s.DefaultSqlScriptExecutor       : DB: 'VALUES function' is deprecated and will be removed in a future release. Please use an alias (INSERT INTO ... VALUES (...) AS alias) and replace VALUES(col) in the ON DUPLICATE KEY UPDATE clause with alias.col instead (SQL State: HY000 - Error Code: 1287)
2026-07-25T13:40:04.984Z  WARN 1152 --- [teacher-cert-platform] [           main] o.f.c.i.s.DefaultSqlScriptExecutor       : DB: 'VALUES function' is deprecated and will be removed in a future release. Please use an alias (INSERT INTO ... VALUES (...) AS alias) and replace VALUES(col) in the ON DUPLICATE KEY UPDATE clause with alias.col instead (SQL State: HY000 - Error Code: 1287)
2026-07-25T13:40:04.986Z  WARN 1152 --- [teacher-cert-platform] [           main] o.f.c.i.s.DefaultSqlScriptExecutor       : DB: 'VALUES function' is deprecated and will be removed in a future release. Please use an alias (INSERT INTO ... VALUES (...) AS alias) and replace VALUES(col) in the ON DUPLICATE KEY UPDATE clause with alias.col instead (SQL State: HY000 - Error Code: 1287)
2026-07-25T13:40:04.986Z  WARN 1152 --- [teacher-cert-platform] [           main] o.f.c.i.s.DefaultSqlScriptExecutor       : DB: 'VALUES function' is deprecated and will be removed in a future release. Please use an alias (INSERT INTO ... VALUES (...) AS alias) and replace VALUES(col) in the ON DUPLICATE KEY UPDATE clause with alias.col instead (SQL State: HY000 - Error Code: 1287)
2026-07-25T13:40:05.010Z  INFO 1152 --- [teacher-cert-platform] [           main] o.f.core.internal.command.DbMigrate      : Migrating schema `teacher_cert_p41_restore_4889649d15f340aab3204587af9c67cf` to version "21 - test confirm only"
2026-07-25T13:40:05.011Z  WARN 1152 --- [teacher-cert-platform] [           main] o.f.c.i.s.DefaultSqlScriptExecutor       : DB: 'VALUES function' is deprecated and will be removed in a future release. Please use an alias (INSERT INTO ... VALUES (...) AS alias) and replace VALUES(col) in the ON DUPLICATE KEY UPDATE clause with alias.col instead (SQL State: HY000 - Error Code: 1287)
2026-07-25T13:40:05.011Z  WARN 1152 --- [teacher-cert-platform] [           main] o.f.c.i.s.DefaultSqlScriptExecutor       : DB: 'VALUES function' is deprecated and will be removed in a future release. Please use an alias (INSERT INTO ... VALUES (...) AS alias) and replace VALUES(col) in the ON DUPLICATE KEY UPDATE clause with alias.col instead (SQL State: HY000 - Error Code: 1287)
2026-07-25T13:40:05.011Z  WARN 1152 --- [teacher-cert-platform] [           main] o.f.c.i.s.DefaultSqlScriptExecutor       : DB: 'VALUES function' is deprecated and will be removed in a future release. Please use an alias (INSERT INTO ... VALUES (...) AS alias) and replace VALUES(col) in the ON DUPLICATE KEY UPDATE clause with alias.col instead (SQL State: HY000 - Error Code: 1287)
2026-07-25T13:40:05.011Z  WARN 1152 --- [teacher-cert-platform] [           main] o.f.c.i.s.DefaultSqlScriptExecutor       : DB: 'VALUES function' is deprecated and will be removed in a future release. Please use an alias (INSERT INTO ... VALUES (...) AS alias) and replace VALUES(col) in the ON DUPLICATE KEY UPDATE clause with alias.col instead (SQL State: HY000 - Error Code: 1287)
2026-07-25T13:40:05.028Z  INFO 1152 --- [teacher-cert-platform] [           main] o.f.core.internal.command.DbMigrate      : Migrating schema `teacher_cert_p41_restore_4889649d15f340aab3204587af9c67cf` to version "22 - reviewer group"
2026-07-25T13:40:05.170Z  INFO 1152 --- [teacher-cert-platform] [           main] o.f.core.internal.command.DbMigrate      : Migrating schema `teacher_cert_p41_restore_4889649d15f340aab3204587af9c67cf` to version "23 - field acceptance"
2026-07-25T13:40:05.183Z  INFO 1152 --- [teacher-cert-platform] [           main] o.f.core.internal.command.DbMigrate      : Migrating schema `teacher_cert_p41_restore_4889649d15f340aab3204587af9c67cf` to version "24 - unique active cert and student idcard"
2026-07-25T13:40:05.594Z  INFO 1152 --- [teacher-cert-platform] [           main] o.f.core.internal.command.DbMigrate      : Migrating schema `teacher_cert_p41_restore_4889649d15f340aab3204587af9c67cf` to version "25 - backup record artifact"
2026-07-25T13:40:05.716Z  INFO 1152 --- [teacher-cert-platform] [           main] o.f.core.internal.command.DbMigrate      : Migrating schema `teacher_cert_p41_restore_4889649d15f340aab3204587af9c67cf` to version "26 - remove test seed from prod"
2026-07-25T13:40:05.739Z  INFO 1152 --- [teacher-cert-platform] [           main] o.f.core.internal.command.DbMigrate      : Migrating schema `teacher_cert_p41_restore_4889649d15f340aab3204587af9c67cf` to version "27 - ws02 credential hardening defaults"
2026-07-25T13:40:05.758Z  INFO 1152 --- [teacher-cert-platform] [           main] o.f.core.internal.command.DbMigrate      : Migrating schema `teacher_cert_p41_restore_4889649d15f340aab3204587af9c67cf` to version "28 - minio presigned multipart"
2026-07-25T13:40:06.379Z  INFO 1152 --- [teacher-cert-platform] [           main] o.f.core.internal.command.DbMigrate      : Migrating schema `teacher_cert_p41_restore_4889649d15f340aab3204587af9c67cf` to version "29 - trusted video media validation"
2026-07-25T13:40:07.157Z  WARN 1152 --- [teacher-cert-platform] [           main] o.f.c.i.s.DefaultSqlScriptExecutor       : DB: 'VALUES function' is deprecated and will be removed in a future release. Please use an alias (INSERT INTO ... VALUES (...) AS alias) and replace VALUES(col) in the ON DUPLICATE KEY UPDATE clause with alias.col instead (SQL State: HY000 - Error Code: 1287)
2026-07-25T13:40:07.157Z  WARN 1152 --- [teacher-cert-platform] [           main] o.f.c.i.s.DefaultSqlScriptExecutor       : DB: 'VALUES function' is deprecated and will be removed in a future release. Please use an alias (INSERT INTO ... VALUES (...) AS alias) and replace VALUES(col) in the ON DUPLICATE KEY UPDATE clause with alias.col instead (SQL State: HY000 - Error Code: 1287)
2026-07-25T13:40:07.157Z  WARN 1152 --- [teacher-cert-platform] [           main] o.f.c.i.s.DefaultSqlScriptExecutor       : DB: 'VALUES function' is deprecated and will be removed in a future release. Please use an alias (INSERT INTO ... VALUES (...) AS alias) and replace VALUES(col) in the ON DUPLICATE KEY UPDATE clause with alias.col instead (SQL State: HY000 - Error Code: 1287)
2026-07-25T13:40:07.157Z  WARN 1152 --- [teacher-cert-platform] [           main] o.f.c.i.s.DefaultSqlScriptExecutor       : DB: 'VALUES function' is deprecated and will be removed in a future release. Please use an alias (INSERT INTO ... VALUES (...) AS alias) and replace VALUES(col) in the ON DUPLICATE KEY UPDATE clause with alias.col instead (SQL State: HY000 - Error Code: 1287)
2026-07-25T13:40:07.157Z  WARN 1152 --- [teacher-cert-platform] [           main] o.f.c.i.s.DefaultSqlScriptExecutor       : DB: 'VALUES function' is deprecated and will be removed in a future release. Please use an alias (INSERT INTO ... VALUES (...) AS alias) and replace VALUES(col) in the ON DUPLICATE KEY UPDATE clause with alias.col instead (SQL State: HY000 - Error Code: 1287)
2026-07-25T13:40:07.175Z  INFO 1152 --- [teacher-cert-platform] [           main] o.f.core.internal.command.DbMigrate      : Migrating schema `teacher_cert_p41_restore_4889649d15f340aab3204587af9c67cf` to version "30 - video finalization fencing"
2026-07-25T13:40:07.334Z  INFO 1152 --- [teacher-cert-platform] [           main] o.f.core.internal.command.DbMigrate      : Migrating schema `teacher_cert_p41_restore_4889649d15f340aab3204587af9c67cf` to version "31 - video finalization high water"
2026-07-25T13:40:07.483Z  INFO 1152 --- [teacher-cert-platform] [           main] o.f.core.internal.command.DbMigrate      : Migrating schema `teacher_cert_p41_restore_4889649d15f340aab3204587af9c67cf` to version "32 - video finalization object reconciliation"
2026-07-25T13:40:07.557Z  WARN 1152 --- [teacher-cert-platform] [           main] o.f.c.i.s.DefaultSqlScriptExecutor       : DB: 'VALUES function' is deprecated and will be removed in a future release. Please use an alias (INSERT INTO ... VALUES (...) AS alias) and replace VALUES(col) in the ON DUPLICATE KEY UPDATE clause with alias.col instead (SQL State: HY000 - Error Code: 1287)
2026-07-25T13:40:07.557Z  WARN 1152 --- [teacher-cert-platform] [           main] o.f.c.i.s.DefaultSqlScriptExecutor       : DB: 'VALUES function' is deprecated and will be removed in a future release. Please use an alias (INSERT INTO ... VALUES (...) AS alias) and replace VALUES(col) in the ON DUPLICATE KEY UPDATE clause with alias.col instead (SQL State: HY000 - Error Code: 1287)
2026-07-25T13:40:07.557Z  WARN 1152 --- [teacher-cert-platform] [           main] o.f.c.i.s.DefaultSqlScriptExecutor       : DB: 'VALUES function' is deprecated and will be removed in a future release. Please use an alias (INSERT INTO ... VALUES (...) AS alias) and replace VALUES(col) in the ON DUPLICATE KEY UPDATE clause with alias.col instead (SQL State: HY000 - Error Code: 1287)
2026-07-25T13:40:07.557Z  WARN 1152 --- [teacher-cert-platform] [           main] o.f.c.i.s.DefaultSqlScriptExecutor       : DB: 'VALUES function' is deprecated and will be removed in a future release. Please use an alias (INSERT INTO ... VALUES (...) AS alias) and replace VALUES(col) in the ON DUPLICATE KEY UPDATE clause with alias.col instead (SQL State: HY000 - Error Code: 1287)
2026-07-25T13:40:07.557Z  WARN 1152 --- [teacher-cert-platform] [           main] o.f.c.i.s.DefaultSqlScriptExecutor       : DB: 'VALUES function' is deprecated and will be removed in a future release. Please use an alias (INSERT INTO ... VALUES (...) AS alias) and replace VALUES(col) in the ON DUPLICATE KEY UPDATE clause with alias.col instead (SQL State: HY000 - Error Code: 1287)
2026-07-25T13:40:07.570Z  INFO 1152 --- [teacher-cert-platform] [           main] o.f.core.internal.command.DbMigrate      : Successfully applied 32 migrations to schema `teacher_cert_p41_restore_4889649d15f340aab3204587af9c67cf`, now at version v32 (execution time 00:04.881s)
2026-07-25T13:40:10.337Z ERROR 1152 --- [teacher-cert-platform] [           main] c.e.g.p.s.s.impl.DatabaseBackupService   : ???? id=2081011628441968642

java.lang.IllegalStateException: ??? SQL ???????: table=import_export_batch rowOrdinal=1 minimumBytes=18175967 maxBytes=1048576
	at cn.edu.gpnu.platform.system.service.impl.DatabaseBackupService.statementTooLarge(DatabaseBackupService.java:497) ~[platform-system-1.0.0-SNAPSHOT.jar:1.0.0-SNAPSHOT]
	at cn.edu.gpnu.platform.system.service.impl.DatabaseBackupService.dumpTable(DatabaseBackupService.java:297) ~[platform-system-1.0.0-SNAPSHOT.jar:1.0.0-SNAPSHOT]
	at cn.edu.gpnu.platform.system.service.impl.DatabaseBackupService.exportToFile(DatabaseBackupService.java:225) ~[platform-system-1.0.0-SNAPSHOT.jar:1.0.0-SNAPSHOT]
	at cn.edu.gpnu.platform.system.service.impl.DatabaseBackupService.backup(DatabaseBackupService.java:140) ~[platform-system-1.0.0-SNAPSHOT.jar:1.0.0-SNAPSHOT]
	at cn.edu.gpnu.platform.boot.Phase41BackupIT.lambda$assertOversizedStatementFailsClosed$25(Phase41BackupIT.java:602) ~[test-classes/:na]
	at org.assertj.core.api.ThrowableAssert.catchThrowable(ThrowableAssert.java:63) ~[assertj-core-3.26.3.jar:na]
	at org.assertj.core.api.AssertionsForClassTypes.catchThrowable(AssertionsForClassTypes.java:904) ~[assertj-core-3.26.3.jar:na]
	at org.assertj.core.api.Assertions.catchThrowable(Assertions.java:1470) ~[assertj-core-3.26.3.jar:na]
	at org.assertj.core.api.Assertions.assertThatThrownBy(Assertions.java:1313) ~[assertj-core-3.26.3.jar:na]
	at cn.edu.gpnu.platform.boot.Phase41BackupIT.assertOversizedStatementFailsClosed(Phase41BackupIT.java:602) ~[test-classes/:na]
	at cn.edu.gpnu.platform.boot.Phase41BackupIT.fullArtifactReplacesFlywaySeedsAndRestoresExactSnapshotAtomically(Phase41BackupIT.java:284) ~[test-classes/:na]
	at java.base/jdk.internal.reflect.NativeMethodAccessorImpl.invoke0(Native Method) ~[na:na]
	at java.base/jdk.internal.reflect.NativeMethodAccessorImpl.invoke(NativeMethodAccessorImpl.java:77) ~[na:na]
	at java.base/jdk.internal.reflect.DelegatingMethodAccessorImpl.invoke(DelegatingMethodAccessorImpl.java:43) ~[na:na]
	at java.base/java.lang.reflect.Method.invoke(Method.java:569) ~[na:na]
	at org.junit.platform.commons.util.ReflectionUtils.invokeMethod(ReflectionUtils.java:767) ~[junit-platform-commons-1.11.4.jar:1.11.4]
	at org.junit.jupiter.engine.execution.MethodInvocation.proceed(MethodInvocation.java:60) ~[junit-jupiter-engine-5.11.4.jar:5.11.4]
	at org.junit.jupiter.engine.execution.InvocationInterceptorChain$ValidatingInvocation.proceed(InvocationInterceptorChain.java:131) ~[junit-jupiter-engine-5.11.4.jar:5.11.4]
	at org.junit.jupiter.engine.extension.TimeoutExtension.intercept(TimeoutExtension.java:156) ~[junit-jupiter-engine-5.11.4.jar:5.11.4]
	at org.junit.jupiter.engine.extension.TimeoutExtension.interceptTestableMethod(TimeoutExtension.java:147) ~[junit-jupiter-engine-5.11.4.jar:5.11.4]
	at org.junit.jupiter.engine.extension.TimeoutExtension.interceptTestMethod(TimeoutExtension.java:86) ~[junit-jupiter-engine-5.11.4.jar:5.11.4]
	at org.junit.jupiter.engine.execution.InterceptingExecutableInvoker$ReflectiveInterceptorCall.lambda$ofVoidMethod$0(InterceptingExecutableInvoker.java:103) ~[junit-jupiter-engine-5.11.4.jar:5.11.4]
	at org.junit.jupiter.engine.execution.InterceptingExecutableInvoker.lambda$invoke$0(InterceptingExecutableInvoker.java:93) ~[junit-jupiter-engine-5.11.4.jar:5.11.4]
	at org.junit.jupiter.engine.execution.InvocationInterceptorChain$InterceptedInvocation.proceed(InvocationInterceptorChain.java:106) ~[junit-jupiter-engine-5.11.4.jar:5.11.4]
	at org.junit.jupiter.engine.execution.InvocationInterceptorChain.proceed(InvocationInterceptorChain.java:64) ~[junit-jupiter-engine-5.11.4.jar:5.11.4]
	at org.junit.jupiter.engine.execution.InvocationInterceptorChain.chainAndInvoke(InvocationInterceptorChain.java:45) ~[junit-jupiter-engine-5.11.4.jar:5.11.4]
	at org.junit.jupiter.engine.execution.InvocationInterceptorChain.invoke(InvocationInterceptorChain.java:37) ~[junit-jupiter-engine-5.11.4.jar:5.11.4]
	at org.junit.jupiter.engine.execution.InterceptingExecutableInvoker.invoke(InterceptingExecutableInvoker.java:92) ~[junit-jupiter-engine-5.11.4.jar:5.11.4]
	at org.junit.jupiter.engine.execution.InterceptingExecutableInvoker.invoke(InterceptingExecutableInvoker.java:86) ~[junit-jupiter-engine-5.11.4.jar:5.11.4]
	at org.junit.jupiter.engine.descriptor.TestMethodTestDescriptor.lambda$invokeTestMethod$8(TestMethodTestDescriptor.java:217) ~[junit-jupiter-engine-5.11.4.jar:5.11.4]
	at org.junit.platform.engine.support.hierarchical.ThrowableCollector.execute(ThrowableCollector.java:73) ~[junit-platform-engine-1.11.4.jar:1.11.4]
	at org.junit.jupiter.engine.descriptor.TestMethodTestDescriptor.invokeTestMethod(TestMethodTestDescriptor.java:213) ~[junit-jupiter-engine-5.11.4.jar:5.11.4]
	at org.junit.jupiter.engine.descriptor.TestMethodTestDescriptor.execute(TestMethodTestDescriptor.java:138) ~[junit-jupiter-engine-5.11.4.jar:5.11.4]
	at org.junit.jupiter.engine.descriptor.TestMethodTestDescriptor.execute(TestMethodTestDescriptor.java:68) ~[junit-jupiter-engine-5.11.4.jar:5.11.4]
	at org.junit.platform.engine.support.hierarchical.NodeTestTask.lambda$executeRecursively$6(NodeTestTask.java:156) ~[junit-platform-engine-1.11.4.jar:1.11.4]
	at org.junit.platform.engine.support.hierarchical.ThrowableCollector.execute(ThrowableCollector.java:73) ~[junit-platform-engine-1.11.4.jar:1.11.4]
	at org.junit.platform.engine.support.hierarchical.NodeTestTask.lambda$executeRecursively$8(NodeTestTask.java:146) ~[junit-platform-engine-1.11.4.jar:1.11.4]
	at org.junit.platform.engine.support.hierarchical.Node.around(Node.java:137) ~[junit-platform-engine-1.11.4.jar:1.11.4]
	at org.junit.platform.engine.support.hierarchical.NodeTestTask.lambda$executeRecursively$9(NodeTestTask.java:144) ~[junit-platform-engine-1.11.4.jar:1.11.4]
	at org.junit.platform.engine.support.hierarchical.ThrowableCollector.execute(ThrowableCollector.java:73) ~[junit-platform-engine-1.11.4.jar:1.11.4]
	at org.junit.platform.engine.support.hierarchical.NodeTestTask.executeRecursively(NodeTestTask.java:143) ~[junit-platform-engine-1.11.4.jar:1.11.4]
	at org.junit.platform.engine.support.hierarchical.NodeTestTask.execute(NodeTestTask.java:100) ~[junit-platform-engine-1.11.4.jar:1.11.4]
	at java.base/java.util.ArrayList.forEach(ArrayList.java:1511) ~[na:na]
	at org.junit.platform.engine.support.hierarchical.SameThreadHierarchicalTestExecutorService.invokeAll(SameThreadHierarchicalTestExecutorService.java:41) ~[junit-platform-engine-1.11.4.jar:1.11.4]
	at org.junit.platform.engine.support.hierarchical.NodeTestTask.lambda$executeRecursively$6(NodeTestTask.java:160) ~[junit-platform-engine-1.11.4.jar:1.11.4]
	at org.junit.platform.engine.support.hierarchical.ThrowableCollector.execute(ThrowableCollector.java:73) ~[junit-platform-engine-1.11.4.jar:1.11.4]
	at org.junit.platform.engine.support.hierarchical.NodeTestTask.lambda$executeRecursively$8(NodeTestTask.java:146) ~[junit-platform-engine-1.11.4.jar:1.11.4]
	at org.junit.platform.engine.support.hierarchical.Node.around(Node.java:137) ~[junit-platform-engine-1.11.4.jar:1.11.4]
	at org.junit.platform.engine.support.hierarchical.NodeTestTask.lambda$executeRecursively$9(NodeTestTask.java:144) ~[junit-platform-engine-1.11.4.jar:1.11.4]
	at org.junit.platform.engine.support.hierarchical.ThrowableCollector.execute(ThrowableCollector.java:73) ~[junit-platform-engine-1.11.4.jar:1.11.4]
	at org.junit.platform.engine.support.hierarchical.NodeTestTask.executeRecursively(NodeTestTask.java:143) ~[junit-platform-engine-1.11.4.jar:1.11.4]
	at org.junit.platform.engine.support.hierarchical.NodeTestTask.execute(NodeTestTask.java:100) ~[junit-platform-engine-1.11.4.jar:1.11.4]
	at java.base/java.util.ArrayList.forEach(ArrayList.java:1511) ~[na:na]
	at org.junit.platform.engine.support.hierarchical.SameThreadHierarchicalTestExecutorService.invokeAll(SameThreadHierarchicalTestExecutorService.java:41) ~[junit-platform-engine-1.11.4.jar:1.11.4]
	at org.junit.platform.engine.support.hierarchical.NodeTestTask.lambda$executeRecursively$6(NodeTestTask.java:160) ~[junit-platform-engine-1.11.4.jar:1.11.4]
	at org.junit.platform.engine.support.hierarchical.ThrowableCollector.execute(ThrowableCollector.java:73) ~[junit-platform-engine-1.11.4.jar:1.11.4]
	at org.junit.platform.engine.support.hierarchical.NodeTestTask.lambda$executeRecursively$8(NodeTestTask.java:146) ~[junit-platform-engine-1.11.4.jar:1.11.4]
	at org.junit.platform.engine.support.hierarchical.Node.around(Node.java:137) ~[junit-platform-engine-1.11.4.jar:1.11.4]
	at org.junit.platform.engine.support.hierarchical.NodeTestTask.lambda$executeRecursively$9(NodeTestTask.java:144) ~[junit-platform-engine-1.11.4.jar:1.11.4]
	at org.junit.platform.engine.support.hierarchical.ThrowableCollector.execute(ThrowableCollector.java:73) ~[junit-platform-engine-1.11.4.jar:1.11.4]
	at org.junit.platform.engine.support.hierarchical.NodeTestTask.executeRecursively(NodeTestTask.java:143) ~[junit-platform-engine-1.11.4.jar:1.11.4]
	at org.junit.platform.engine.support.hierarchical.NodeTestTask.execute(NodeTestTask.java:100) ~[junit-platform-engine-1.11.4.jar:1.11.4]
	at org.junit.platform.engine.support.hierarchical.SameThreadHierarchicalTestExecutorService.submit(SameThreadHierarchicalTestExecutorService.java:35) ~[junit-platform-engine-1.11.4.jar:1.11.4]
	at org.junit.platform.engine.support.hierarchical.HierarchicalTestExecutor.execute(HierarchicalTestExecutor.java:57) ~[junit-platform-engine-1.11.4.jar:1.11.4]
	at org.junit.platform.engine.support.hierarchical.HierarchicalTestEngine.execute(HierarchicalTestEngine.java:54) ~[junit-platform-engine-1.11.4.jar:1.11.4]
	at org.junit.platform.launcher.core.EngineExecutionOrchestrator.execute(EngineExecutionOrchestrator.java:198) ~[junit-platform-launcher-1.11.4.jar:1.11.4]
	at org.junit.platform.launcher.core.EngineExecutionOrchestrator.execute(EngineExecutionOrchestrator.java:169) ~[junit-platform-launcher-1.11.4.jar:1.11.4]
	at org.junit.platform.launcher.core.EngineExecutionOrchestrator.execute(EngineExecutionOrchestrator.java:93) ~[junit-platform-launcher-1.11.4.jar:1.11.4]
	at org.junit.platform.launcher.core.EngineExecutionOrchestrator.lambda$execute$0(EngineExecutionOrchestrator.java:58) ~[junit-platform-launcher-1.11.4.jar:1.11.4]
	at org.junit.platform.launcher.core.EngineExecutionOrchestrator.withInterceptedStreams(EngineExecutionOrchestrator.java:141) ~[junit-platform-launcher-1.11.4.jar:1.11.4]
	at org.junit.platform.launcher.core.EngineExecutionOrchestrator.execute(EngineExecutionOrchestrator.java:57) ~[junit-platform-launcher-1.11.4.jar:1.11.4]
	at org.junit.platform.launcher.core.DefaultLauncher.execute(DefaultLauncher.java:103) ~[junit-platform-launcher-1.11.4.jar:1.11.4]
	at org.junit.platform.launcher.core.DefaultLauncher.execute(DefaultLauncher.java:85) ~[junit-platform-launcher-1.11.4.jar:1.11.4]
	at org.junit.platform.launcher.core.DelegatingLauncher.execute(DelegatingLauncher.java:47) ~[junit-platform-launcher-1.11.4.jar:1.11.4]
	at org.apache.maven.surefire.junitplatform.LauncherAdapter.executeWithoutCancellationToken(LauncherAdapter.java:60) ~[surefire-junit-platform-3.5.4.jar:3.5.4]
	at org.apache.maven.surefire.junitplatform.LauncherAdapter.execute(LauncherAdapter.java:52) ~[surefire-junit-platform-3.5.4.jar:3.5.4]
	at org.apache.maven.surefire.junitplatform.JUnitPlatformProvider.execute(JUnitPlatformProvider.java:203) ~[surefire-junit-platform-3.5.4.jar:3.5.4]
	at org.apache.maven.surefire.junitplatform.JUnitPlatformProvider.invokeAllTests(JUnitPlatformProvider.java:168) ~[surefire-junit-platform-3.5.4.jar:3.5.4]
	at org.apache.maven.surefire.junitplatform.JUnitPlatformProvider.invoke(JUnitPlatformProvider.java:136) ~[surefire-junit-platform-3.5.4.jar:3.5.4]
	at org.apache.maven.surefire.booter.ForkedBooter.runSuitesInProcess(ForkedBooter.java:385) ~[surefire-booter-3.5.4.jar:3.5.4]
	at org.apache.maven.surefire.booter.ForkedBooter.execute(ForkedBooter.java:162) ~[surefire-booter-3.5.4.jar:3.5.4]
	at org.apache.maven.surefire.booter.ForkedBooter.run(ForkedBooter.java:507) ~[surefire-booter-3.5.4.jar:3.5.4]
	at org.apache.maven.surefire.booter.ForkedBooter.main(ForkedBooter.java:495) ~[surefire-booter-3.5.4.jar:3.5.4]

2026-07-25T13:40:12.052Z  INFO 1152 --- [teacher-cert-platform] [           main] o.s.b.w.e.tomcat.GracefulShutdown        : Commencing graceful shutdown. Waiting for active requests to complete
2026-07-25T13:40:12.055Z  INFO 1152 --- [teacher-cert-platform] [tomcat-shutdown] o.s.b.w.e.tomcat.GracefulShutdown        : Graceful shutdown complete
2026-07-25T13:40:12.091Z  INFO 1152 --- [teacher-cert-platform] [           main] com.zaxxer.hikari.HikariDataSource       : HikariPool-1 - Shutdown initiated...
2026-07-25T13:40:12.094Z  INFO 1152 --- [teacher-cert-platform] [           main] com.zaxxer.hikari.HikariDataSource       : HikariPool-1 - Shutdown completed.
[INFO] Tests run: 1, Failures: 0, Errors: 0, Skipped: 0, Time elapsed: 27.58 s -- in cn.edu.gpnu.platform.boot.Phase41BackupIT
[INFO] 
[INFO] Results:
[INFO] 
[INFO] Tests run: 1, Failures: 0, Errors: 0, Skipped: 0
[INFO] 
[INFO] 
[INFO] --- failsafe:3.5.4:verify (default) @ platform-boot ---
[INFO] ------------------------------------------------------------------------
[INFO] Reactor Summary for teacher-cert-platform 1.0.0-SNAPSHOT:
[INFO] 
[INFO] teacher-cert-platform .............................. SUCCESS [  1.209 s]
[INFO] platform-common .................................... SUCCESS [  3.668 s]
[INFO] platform-system .................................... SUCCESS [  2.491 s]
[INFO] platform-security .................................. SUCCESS [  2.367 s]
[INFO] platform-file ...................................... SUCCESS [  6.974 s]
[INFO] platform-business .................................. SUCCESS [  3.784 s]
[INFO] platform-exchange .................................. SUCCESS [  2.447 s]
[INFO] platform-statistics ................................ SUCCESS [  1.886 s]
[INFO] platform-boot ...................................... SUCCESS [ 52.495 s]
[INFO] ------------------------------------------------------------------------
[INFO] BUILD SUCCESS
[INFO] ------------------------------------------------------------------------
[INFO] Total time:  01:18 min
[INFO] Finished at: 2026-07-25T13:40:12Z
[INFO] ------------------------------------------------------------------------
[phase41-backup-restore-real] PASS
